,contig,position,BE_166,DK_229,DK_267,BE_166_average,DK_229_average,DK_267_average
34684092,NC_063032.1,2673372,31,21,83,30.0,21.2,85.0
34684093,NC_063032.1,2673373,29,22,85,30.0,21.0,85.33333333333333
34684094,NC_063032.1,2673374,28,22,83,30.0,20.857142857142858,85.0
34684095,NC_063032.1,2673375,31,21,86,29.875,20.5,83.75
34684096,NC_063032.1,2673376,31,20,88,30.0,20.444444444444443,84.11111111111111
34684097,NC_063032.1,2673377,30,20,87,30.1,20.3,84.5
34684098,NC_063032.1,2673378,30,20,83,30.1,20.0,85.0
34684099,NC_063032.1,2673379,29,18,75,30.4,19.6,85.3
34684100,NC_063032.1,2673380,31,20,87,30.7,19.2,85.7
34684101,NC_063032.1,2673381,31,19,88,30.8,19.0,85.9
34684102,NC_063032.1,2673382,31,18,88,30.9,18.8,85.9
34684103,NC_063032.1,2673383,32,18,88,31.1,18.6,85.8
34684104,NC_063032.1,2673384,31,18,87,31.3,18.4,86.0
34684105,NC_063032.1,2673385,32,19,88,31.6,18.4,87.1
34684106,NC_063032.1,2673386,32,18,88,31.7,18.2,87.0
34684107,NC_063032.1,2673387,32,18,86,31.8,18.1,87.2
34684108,NC_063032.1,2673388,32,18,85,31.9,18.1,87.4
34684109,NC_063032.1,2673389,32,18,86,31.9,18.0,87.4
34684110,NC_063032.1,2673390,32,18,86,32.0,17.9,87.6
34684111,NC_063032.1,2673391,32,18,90,32.0,17.6,87.7
34684112,NC_063032.1,2673392,32,18,90,32.0,17.4,87.7
34684113,NC_063032.1,2673393,32,17,88,31.8,17.2,87.7
34684114,NC_063032.1,2673394,32,17,89,31.6,17.0,87.8
34684115,NC_063032.1,2673395,32,16,89,31.4,16.8,87.5
34684116,NC_063032.1,2673396,32,16,88,31.2,16.6,87.1
34684117,NC_063032.1,2673397,30,16,86,30.9,16.4,86.7
34684118,NC_063032.1,2673398,30,16,86,30.5,16.2,86.3
34684119,NC_063032.1,2673399,30,16,83,30.2,16.1,85.7
34684120,NC_063032.1,2673400,30,16,82,30.0,16.0,85.5
34684121,NC_063032.1,2673401,29,16,86,29.8,16.0,85.3
34684122,NC_063032.1,2673402,28,16,86,29.5,16.0,84.4
34684123,NC_063032.1,2673403,29,16,82,29.4,15.9,84.1
34684124,NC_063032.1,2673404,30,16,87,29.4,16.0,83.8
34684125,NC_063032.1,2673405,30,16,87,29.4,16.2,84.0
34684126,NC_063032.1,2673406,29,16,79,29.4,16.4,84.4
34684127,NC_063032.1,2673407,29,15,83,29.4,16.6,84.4
34684128,NC_063032.1,2673408,30,17,83,29.4,16.8,84.3
34684129,NC_063032.1,2673409,30,18,85,29.4,17.0,84.6
34684130,NC_063032.1,2673410,30,18,86,29.3,17.2,84.5
34684131,NC_063032.1,2673411,29,18,86,29.2,17.4,84.5
34684132,NC_063032.1,2673412,28,18,85,29.2,17.6,85.4
34684133,NC_063032.1,2673413,29,18,85,29.2,17.9,85.8
34684134,NC_063032.1,2673414,29,18,86,29.1,18.0,86.2
34684135,NC_063032.1,2673415,29,18,87,29.0,18.0,86.4
34684136,NC_063032.1,2673416,29,18,88,28.9,18.0,86.5
34684137,NC_063032.1,2673417,29,18,87,28.9,18.0,86.7
34684138,NC_063032.1,2673418,29,18,87,29.0,18.0,87.0
34684139,NC_063032.1,2673419,29,18,87,29.0,17.9,87.3
34684140,NC_063032.1,2673420,29,18,87,29.0,17.8,87.5
34684141,NC_063032.1,2673421,29,18,88,29.0,17.7,87.6
34684142,NC_063032.1,2673422,29,18,88,28.9,17.6,87.5
34684143,NC_063032.1,2673423,29,17,88,28.8,17.5,87.2
34684144,NC_063032.1,2673424,29,17,88,28.7,17.4,86.8
34684145,NC_063032.1,2673425,29,17,88,28.6,17.3,86.6
34684146,NC_063032.1,2673426,28,17,87,28.5,17.1,86.5
34684147,NC_063032.1,2673427,28,17,84,28.3,17.0,86.2
34684148,NC_063032.1,2673428,28,17,83,28.2,16.9,86.2
34684149,NC_063032.1,2673429,28,17,85,28.1,16.9,86.2
34684150,NC_063032.1,2673430,28,16,86,28.0,16.9,86.0
34684151,NC_063032.1,2673431,27,17,85,27.9,17.0,85.9
34684152,NC_063032.1,2673432,28,17,88,27.9,17.1,85.8
34684153,NC_063032.1,2673433,28,17,88,28.0,17.2,86.2
34684154,NC_063032.1,2673434,28,17,86,28.1,17.3,86.7
34684155,NC_063032.1,2673435,28,18,87,28.3,17.4,87.0
34684156,NC_063032.1,2673436,28,18,86,28.5,17.6,87.1
34684157,NC_063032.1,2673437,29,18,88,28.8,17.7,87.0
34684158,NC_063032.1,2673438,29,18,88,28.8,17.7,86.8
34684159,NC_063032.1,2673439,30,18,88,28.7,17.7,86.2
34684160,NC_063032.1,2673440,30,18,87,28.6,17.7,85.9
34684161,NC_063032.1,2673441,30,18,84,28.4,17.7,85.8
34684162,NC_063032.1,2673442,28,17,86,28.4,17.7,85.9
34684163,NC_063032.1,2673443,27,17,82,28.3,17.8,85.5
34684164,NC_063032.1,2673444,27,17,83,28.2,17.9,85.2
34684165,NC_063032.1,2673445,26,18,86,27.9,18.0,84.4
34684166,NC_063032.1,2673446,28,18,87,27.8,18.2,84.2
34684167,NC_063032.1,2673447,28,19,84,27.7,18.4,84.3
34684168,NC_063032.1,2673448,28,19,85,27.9,18.8,83.9
34684169,NC_063032.1,2673449,27,19,80,28.3,19.2,84.4
34684170,NC_063032.1,2673450,29,20,85,28.7,19.6,84.8
34684171,NC_063032.1,2673451,29,20,85,29.2,20.0,85.1
34684172,NC_063032.1,2673452,30,21,82,29.5,20.4,85.3
34684173,NC_063032.1,2673453,31,21,87,29.8,20.7,85.9
34684174,NC_063032.1,2673454,31,21,87,30.1,21.0,86.5
34684175,NC_063032.1,2673455,31,22,89,30.5,21.3,87.5
34684176,NC_063032.1,2673456,31,22,89,30.4,21.4,86.7
34684177,NC_063032.1,2673457,31,22,90,30.6,21.6,87.0
34684178,NC_063032.1,2673458,31,22,91,30.7,21.7,87.8
34684179,NC_063032.1,2673459,31,22,90,30.6,21.8,88.0
34684180,NC_063032.1,2673460,28,21,77,30.4,21.9,87.8
34684181,NC_063032.1,2673461,31,22,88,30.1,21.9,87.0
34684182,NC_063032.1,2673462,31,22,90,30.1,21.9,86.8
34684183,NC_063032.1,2673463,30,22,89,30.0,21.9,85.9
34684184,NC_063032.1,2673464,29,22,85,30.0,21.8,85.3
34684185,NC_063032.1,2673465,28,22,81,30.0,21.7,84.9
34684186,NC_063032.1,2673466,31,22,87,29.7,21.7,84.4
34684187,NC_063032.1,2673467,30,22,81,29.6,21.6,83.9
34684188,NC_063032.1,2673468,31,21,85,29.5,21.6,83.5
34684189,NC_063032.1,2673469,31,21,86,29.6,21.6,83.2
34684190,NC_063032.1,2673470,25,21,72,29.9,21.6,82.9
34684191,NC_063032.1,2673471,30,21,83,29.6,21.1,79.6
34684192,NC_063032.1,2673472,30,22,86,29.6,21.0,78.9
34684193,NC_063032.1,2673473,31,22,86,29.8,21.0,79.5
34684194,NC_063032.1,2673474,32,22,82,29.9,21.1,79.7
34684195,NC_063032.1,2673475,25,17,48,30.0,21.3,79.8
34684196,NC_063032.1,2673476,31,21,80,30.7,21.5,81.3
34684197,NC_063032.1,2673477,32,22,87,30.9,21.7,81.9
34684198,NC_063032.1,2673478,32,22,87,31.1,21.8,82.2
34684199,NC_063032.1,2673479,32,23,87,31.2,21.9,82.5
34684200,NC_063032.1,2673480,32,23,87,30.7,21.8,80.7
34684201,NC_063032.1,2673481,32,23,89,31.2,22.4,84.2
34684202,NC_063032.1,2673482,32,23,89,31.2,22.6,84.9
34684203,NC_063032.1,2673483,32,23,89,31.2,22.7,85.0
34684204,NC_063032.1,2673484,27,21,64,31.1,22.8,85.2
34684205,NC_063032.1,2673485,30,23,83,31.0,22.8,85.4
34684206,NC_063032.1,2673486,31,23,87,30.8,22.8,85.6
34684207,NC_063032.1,2673487,32,23,88,30.6,22.8,85.6
34684208,NC_063032.1,2673488,31,23,89,30.4,22.8,85.6
34684209,NC_063032.1,2673489,31,23,89,30.3,22.9,85.6
34684210,NC_063032.1,2673490,30,23,89,30.7,23.2,88.1
34684211,NC_063032.1,2673491,30,23,89,30.8,23.3,88.5
34684212,NC_063032.1,2673492,30,23,89,30.8,23.4,88.6
34684213,NC_063032.1,2673493,31,24,89,30.7,23.5,88.7
34684214,NC_063032.1,2673494,31,24,89,30.7,23.6,88.6
34684215,NC_063032.1,2673495,31,24,87,30.4,23.3,87.2
34684216,NC_063032.1,2673496,31,24,88,30.5,23.5,87.2
34684217,NC_063032.1,2673497,31,24,89,30.6,23.7,87.2
34684218,NC_063032.1,2673498,31,24,88,30.7,23.9,87.2
34684219,NC_063032.1,2673499,28,20,75,30.7,23.9,87.2
34684220,NC_063032.1,2673500,31,25,89,30.7,23.9,87.0
34684221,NC_063032.1,2673501,31,25,89,30.6,23.8,87.1
34684222,NC_063032.1,2673502,31,25,89,30.6,23.7,87.2
34684223,NC_063032.1,2673503,31,24,89,30.5,23.6,87.3
34684224,NC_063032.1,2673504,31,24,87,30.3,23.5,86.7
34684225,NC_063032.1,2673505,30,23,88,30.5,23.8,88.2
34684226,NC_063032.1,2673506,31,23,89,30.5,23.6,88.2
34684227,NC_063032.1,2673507,30,23,90,30.4,23.4,88.1
34684228,NC_063032.1,2673508,29,23,82,30.0,22.8,87.5
34684229,NC_063032.1,2673509,30,23,90,29.6,22.4,87.4
34684230,NC_063032.1,2673510,31,23,89,29.2,22.0,87.6
34684231,NC_063032.1,2673511,30,23,88,28.9,21.7,87.4
34684232,NC_063032.1,2673512,27,19,83,28.5,21.4,87.0
34684233,NC_063032.1,2673513,27,20,88,28.2,21.1,85.8
34684234,NC_063032.1,2673514,27,20,89,27.9,20.8,86.3
34684235,NC_063032.1,2673515,27,20,86,27.6,20.5,86.1
34684236,NC_063032.1,2673516,27,20,85,27.2,20.2,85.9
34684237,NC_063032.1,2673517,27,20,78,26.9,19.8,85.8
34684238,NC_063032.1,2673518,26,20,87,26.6,19.6,85.0
34684239,NC_063032.1,2673519,27,20,88,26.5,19.5,85.0
34684240,NC_063032.1,2673520,27,20,87,26.4,19.4,85.0
34684241,NC_063032.1,2673521,27,19,87,26.3,19.3,85.3
34684242,NC_063032.1,2673522,24,17,75,26.2,19.2,85.7
34684243,NC_063032.1,2673523,26,19,88,26.1,19.1,86.6
34684244,NC_063032.1,2673524,26,19,89,26.1,19.0,86.9
34684245,NC_063032.1,2673525,26,19,89,26.0,18.9,87.2
34684246,NC_063032.1,2673526,26,19,89,25.9,18.8,87.7
34684247,NC_063032.1,2673527,26,19,87,25.8,18.8,88.1
34684248,NC_063032.1,2673528,26,19,90,26.0,19.0,89.7
34684249,NC_063032.1,2673529,26,19,91,26.0,18.9,90.1
34684250,NC_063032.1,2673530,26,19,92,26.0,18.8,90.4
34684251,NC_063032.1,2673531,26,19,91,26.0,18.7,90.7
34684252,NC_063032.1,2673532,26,19,91,26.0,18.6,91.1
34684253,NC_063032.1,2673533,26,18,92,26.0,18.5,91.7
34684254,NC_063032.1,2673534,26,18,92,26.0,18.4,92.1
34684255,NC_063032.1,2673535,26,18,92,26.0,18.2,92.4
34684256,NC_063032.1,2673536,26,18,93,25.9,18.0,92.7
34684257,NC_063032.1,2673537,26,18,93,25.9,17.8,93.0
34684258,NC_063032.1,2673538,26,18,94,25.9,17.6,93.4
34684259,NC_063032.1,2673539,26,17,94,25.9,17.5,93.8
34684260,NC_063032.1,2673540,25,17,95,25.6,17.5,94.0
34684261,NC_063032.1,2673541,26,17,94,25.5,17.5,94.1
34684262,NC_063032.1,2673542,26,17,95,25.5,17.5,94.3
34684263,NC_063032.1,2673543,26,17,96,25.5,17.5,94.5
34684264,NC_063032.1,2673544,23,18,94,25.5,17.4,94.2
34684265,NC_063032.1,2673545,25,18,93,25.5,17.5,94.0
34684266,NC_063032.1,2673546,26,18,95,25.6,17.6,93.8
34684267,NC_063032.1,2673547,26,18,95,25.6,17.7,93.7
34684268,NC_063032.1,2673548,26,17,91,25.5,17.8,93.5
34684269,NC_063032.1,2673549,26,18,92,25.4,17.8,93.1
34684270,NC_063032.1,2673550,26,18,93,25.6,17.5,92.3
34684271,NC_063032.1,2673551,26,18,93,24.0,16.7,86.2
34684272,NC_063032.1,2673552,25,18,93,22.5,15.9,80.6
34684273,NC_063032.1,2673553,25,17,92,21.5,15.3,76.8
34684274,NC_063032.1,2673554,25,15,86,20.8,14.7,74.4
34684275,NC_063032.1,2673555,9,10,32,20.6,14.1,72.3
34684276,NC_063032.1,2673556,11,10,39,20.4,13.8,70.8
34684277,NC_063032.1,2673557,16,12,57,20.2,13.6,69.4
34684278,NC_063032.1,2673558,19,11,67,20.0,13.4,68.0
34684279,NC_063032.1,2673559,24,12,71,19.8,13.5,66.7
34684280,NC_063032.1,2673560,24,15,78,19.5,13.9,66.1
34684281,NC_063032.1,2673561,24,16,79,20.9,14.8,71.0
34684282,NC_063032.1,2673562,23,16,79,22.1,15.7,75.2
34684283,NC_063032.1,2673563,23,18,79,22.8,16.4,77.6
34684284,NC_063032.1,2673564,22,19,80,23.2,17.2,78.9
34684285,NC_063032.1,2673565,23,19,81,23.1,18.0,80.0
34684286,NC_063032.1,2673566,23,19,81,23.0,18.5,80.4
34684287,NC_063032.1,2673567,23,19,81,22.9,18.9,80.5
34684288,NC_063032.1,2673568,23,19,80,22.9,19.3,81.0
34684289,NC_063032.1,2673569,23,20,82,22.9,19.6,81.3
34684290,NC_063032.1,2673570,23,20,82,23.1,19.8,81.6
34684291,NC_063032.1,2673571,23,20,80,23.2,20.0,81.7
34684292,NC_063032.1,2673572,23,20,84,23.3,20.3,81.6
34684293,NC_063032.1,2673573,23,21,82,23.3,20.7,81.7
34684294,NC_063032.1,2673574,24,21,83,23.4,21.1,81.9
34684295,NC_063032.1,2673575,24,21,82,23.5,21.4,82.0
34684296,NC_063032.1,2673576,24,22,80,23.6,21.7,82.1
34684297,NC_063032.1,2673577,23,23,82,23.7,21.9,82.3
34684298,NC_063032.1,2673578,24,23,82,23.8,22.1,82.2
34684299,NC_063032.1,2673579,24,23,83,23.8,22.2,82.1
34684300,NC_063032.1,2673580,24,23,83,23.8,22.3,81.9
34684301,NC_063032.1,2673581,24,22,82,23.8,22.5,82.0
34684302,NC_063032.1,2673582,24,22,83,23.7,22.6,82.3
34684303,NC_063032.1,2673583,23,22,81,23.7,22.6,82.5
34684304,NC_063032.1,2673584,24,22,81,23.6,22.6,82.6
34684305,NC_063032.1,2673585,24,23,83,23.5,22.6,82.7
34684306,NC_063032.1,2673586,23,23,83,23.4,22.5,82.4
34684307,NC_063032.1,2673587,23,23,84,23.3,22.5,82.5
34684308,NC_063032.1,2673588,23,23,83,23.2,22.5,82.2
34684309,NC_063032.1,2673589,23,23,84,23.2,22.5,81.9
34684310,NC_063032.1,2673590,23,22,80,23.1,22.5,82.3
34684311,NC_063032.1,2673591,23,22,83,23.0,22.4,82.5
34684312,NC_063032.1,2673592,23,22,80,23.1,22.2,82.5
34684313,NC_063032.1,2673593,23,22,78,23.2,22.1,82.7
34684314,NC_063032.1,2673594,23,22,85,23.3,22.0,83.0
34684315,NC_063032.1,2673595,23,22,85,23.4,22.0,83.2
34684316,NC_063032.1,2673596,24,21,83,23.3,22.0,83.0
34684317,NC_063032.1,2673597,24,22,86,23.4,22.0,83.0
34684318,NC_063032.1,2673598,24,22,86,23.5,22.1,83.4
34684319,NC_063032.1,2673599,24,23,86,23.6,22.2,83.9
34684320,NC_063032.1,2673600,22,22,78,23.7,22.3,83.8
34684321,NC_063032.1,2673601,24,22,83,23.7,22.4,83.6
34684322,NC_063032.1,2673602,24,23,84,23.6,22.6,83.7
34684323,NC_063032.1,2673603,24,23,83,23.7,22.7,83.7
34684324,NC_063032.1,2673604,24,23,84,23.8,22.8,83.6
34684325,NC_063032.1,2673605,23,23,83,23.9,22.8,83.7
34684326,NC_063032.1,2673606,23,23,84,24.2,22.9,84.6
34684327,NC_063032.1,2673607,25,23,86,24.3,23.0,85.0
34684328,NC_063032.1,2673608,25,23,85,24.3,23.0,85.3
34684329,NC_063032.1,2673609,25,23,87,24.3,22.9,85.3
34684330,NC_063032.1,2673610,25,23,87,24.1,22.8,85.1
34684331,NC_063032.1,2673611,25,23,87,23.9,22.6,85.0
34684332,NC_063032.1,2673612,24,23,87,23.7,22.3,85.0
34684333,NC_063032.1,2673613,24,22,83,23.3,22.2,84.8
34684334,NC_063032.1,2673614,22,22,82,23.1,22.1,84.8
34684335,NC_063032.1,2673615,21,21,82,23.0,21.8,84.5
34684336,NC_063032.1,2673616,21,20,84,22.9,21.7,84.1
34684337,NC_063032.1,2673617,21,22,84,22.8,21.6,83.8
34684338,NC_063032.1,2673618,23,22,85,22.8,21.5,83.5
34684339,NC_063032.1,2673619,24,20,84,22.7,21.5,83.7
34684340,NC_063032.1,2673620,24,22,83,22.9,21.5,84.0
34684341,NC_063032.1,2673621,24,22,84,23.2,21.7,84.4
34684342,NC_063032.1,2673622,24,22,84,23.6,21.9,84.6
34684343,NC_063032.1,2673623,23,22,85,24.0,22.0,84.7
34684344,NC_063032.1,2673624,24,22,85,24.2,22.0,84.9
34684345,NC_063032.1,2673625,24,23,86,24.3,22.2,85.4
34684346,NC_063032.1,2673626,25,22,86,24.4,22.2,85.8
34684347,NC_063032.1,2673627,25,23,85,24.5,22.2,86.2
34684348,NC_063032.1,2673628,25,22,87,24.5,22.1,86.0
34684349,NC_063032.1,2673629,25,22,89,24.7,22.1,86.3
34684350,NC_063032.1,2673630,25,22,87,24.9,22.1,86.8
34684351,NC_063032.1,2673631,25,22,88,24.7,21.4,84.4
34684352,NC_063032.1,2673632,24,21,82,24.7,21.4,84.4
34684353,NC_063032.1,2673633,25,22,88,24.6,21.3,84.8
34684354,NC_063032.1,2673634,26,22,90,24.5,21.4,84.9
34684355,NC_063032.1,2673635,22,16,62,24.4,21.5,84.8
34684356,NC_063032.1,2673636,25,22,86,24.3,21.6,84.8
34684357,NC_063032.1,2673637,24,22,89,24.4,21.7,84.5
34684358,NC_063032.1,2673638,24,23,88,24.6,21.9,85.1
34684359,NC_063032.1,2673639,24,23,88,24.6,22.1,84.5
34684360,NC_063032.1,2673640,24,23,87,24.6,22.3,84.3
34684361,NC_063032.1,2673641,26,23,85,25.0,23.1,86.9
34684362,NC_063032.1,2673642,26,23,88,25.1,23.3,87.1
34684363,NC_063032.1,2673643,25,24,82,25.3,23.5,86.5
34684364,NC_063032.1,2673644,26,24,88,25.5,23.6,86.2
34684365,NC_063032.1,2673645,26,24,88,25.6,23.7,86.0
34684366,NC_063032.1,2673646,26,24,88,25.9,23.8,86.2
34684367,NC_063032.1,2673647,26,24,83,26.0,23.9,86.7
34684368,NC_063032.1,2673648,26,24,85,26.0,24.0,86.3
34684369,NC_063032.1,2673649,25,24,86,26.2,23.9,86.6
34684370,NC_063032.1,2673650,27,24,89,26.4,23.9,86.9
34684371,NC_063032.1,2673651,27,24,90,26.6,23.8,86.8
34684372,NC_063032.1,2673652,26,24,84,26.4,23.3,84.7
34684373,NC_063032.1,2673653,27,23,85,26.7,23.2,85.2
34684374,NC_063032.1,2673654,28,24,91,27.0,23.1,85.6
34684375,NC_063032.1,2673655,28,23,87,27.4,22.9,85.9
34684376,NC_063032.1,2673656,24,19,67,27.6,22.7,85.8
34684377,NC_063032.1,2673657,29,23,88,27.8,22.5,85.5
34684378,NC_063032.1,2673658,29,23,89,28.1,22.3,85.7
34684379,NC_063032.1,2673659,29,22,89,28.3,22.3,86.0
34684380,NC_063032.1,2673660,29,22,88,28.0,21.9,84.1
34684381,NC_063032.1,2673661,29,22,87,28.2,22.0,84.1
34684382,NC_063032.1,2673662,29,22,86,28.9,22.5,86.1
34684383,NC_063032.1,2673663,29,23,88,29.0,22.6,85.7
34684384,NC_063032.1,2673664,25,20,72,29.1,22.7,85.1
34684385,NC_063032.1,2673665,30,24,87,29.0,22.8,84.5
34684386,NC_063032.1,2673666,31,24,87,29.4,23.0,84.3
34684387,NC_063032.1,2673667,30,24,84,29.8,23.2,84.0
34684388,NC_063032.1,2673668,30,24,83,30.2,23.4,84.0
34684389,NC_063032.1,2673669,28,23,83,30.7,23.4,83.9
34684390,NC_063032.1,2673670,33,24,86,31.5,23.7,83.8
34684391,NC_063032.1,2673671,33,24,84,31.9,23.7,83.5
34684392,NC_063032.1,2673672,33,24,86,32.2,23.8,83.5
34684393,NC_063032.1,2673673,34,23,87,32.6,24.0,83.7
34684394,NC_063032.1,2673674,33,23,71,32.9,24.1,83.8
34684395,NC_063032.1,2673675,34,24,84,33.5,24.3,84.3
34684396,NC_063032.1,2673676,34,25,87,33.6,24.5,84.6
34684397,NC_063032.1,2673677,34,26,86,33.7,24.8,85.1
34684398,NC_063032.1,2673678,33,25,84,33.8,25.1,85.6
34684399,NC_063032.1,2673679,34,25,88,33.8,25.5,86.0
34684400,NC_063032.1,2673680,34,26,89,33.9,25.9,87.9
34684401,NC_063032.1,2673681,34,27,89,33.9,26.2,88.4
34684402,NC_063032.1,2673682,34,27,91,33.9,26.4,88.7
34684403,NC_063032.1,2673683,34,27,91,33.9,26.5,88.9
34684404,NC_063032.1,2673684,34,27,90,33.9,26.5,89.3
34684405,NC_063032.1,2673685,34,27,89,33.8,26.5,89.2
34684406,NC_063032.1,2673686,34,27,90,33.8,26.6,88.9
34684407,NC_063032.1,2673687,34,27,88,33.9,26.5,88.8
34684408,NC_063032.1,2673688,33,25,88,34.1,26.3,88.5
34684409,NC_063032.1,2673689,33,25,87,34.3,26.2,88.2
34684410,NC_063032.1,2673690,34,27,86,34.5,26.1,87.8
34684411,NC_063032.1,2673691,35,26,88,34.7,26.0,88.0
34684412,NC_063032.1,2673692,36,25,88,34.9,25.9,87.9
34684413,NC_063032.1,2673693,36,26,88,35.1,25.8,88.2
34684414,NC_063032.1,2673694,36,26,86,35.4,25.9,88.4
34684415,NC_063032.1,2673695,36,26,91,35.6,26.0,88.3
34684416,NC_063032.1,2673696,36,26,89,35.8,25.9,88.6
34684417,NC_063032.1,2673697,36,26,91,35.9,25.9,88.5
34684418,NC_063032.1,2673698,36,26,90,35.9,26.1,88.6
34684419,NC_063032.1,2673699,35,26,86,35.9,26.2,88.9
34684420,NC_063032.1,2673700,36,26,89,35.7,26.4,89.4
34684421,NC_063032.1,2673701,36,26,87,35.6,26.9,89.6
34684422,NC_063032.1,2673702,36,27,89,35.5,27.4,90.1
34684423,NC_063032.1,2673703,36,27,91,35.4,28.0,90.5
34684424,NC_063032.1,2673704,34,28,91,35.3,28.6,90.8
34684425,NC_063032.1,2673705,35,31,93,35.1,29.2,91.1
34684426,NC_063032.1,2673706,35,31,94,34.8,29.7,91.2
34684427,NC_063032.1,2673707,35,32,95,34.7,30.2,92.0
34684428,NC_063032.1,2673708,35,32,93,34.6,30.5,92.6
34684429,NC_063032.1,2673709,33,32,89,34.6,30.9,93.0
34684430,NC_063032.1,2673710,33,31,90,34.8,31.3,93.4
34684431,NC_063032.1,2673711,35,31,95,34.9,31.4,93.5
34684432,NC_063032.1,2673712,35,30,95,35.0,31.5,93.6
34684433,NC_063032.1,2673713,36,31,95,35.1,31.5,93.4
34684434,NC_063032.1,2673714,36,32,95,35.2,31.6,93.4
34684435,NC_063032.1,2673715,36,32,94,35.5,31.7,93.8
34684436,NC_063032.1,2673716,36,32,95,35.9,31.9,94.1
34684437,NC_063032.1,2673717,36,32,93,36.1,32.1,93.8
34684438,NC_063032.1,2673718,36,33,93,36.2,32.4,93.7
34684439,NC_063032.1,2673719,36,33,93,36.2,32.6,93.5
34684440,NC_063032.1,2673720,37,33,93,36.2,32.7,93.5
34684441,NC_063032.1,2673721,37,33,92,36.2,32.7,93.1
34684442,NC_063032.1,2673722,36,33,94,36.2,32.8,92.7
34684443,NC_063032.1,2673723,36,33,93,36.3,32.9,92.6
34684444,NC_063032.1,2673724,36,33,95,36.4,32.9,92.4
34684445,NC_063032.1,2673725,36,32,90,36.5,33.0,91.9
34684446,NC_063032.1,2673726,36,33,91,36.5,33.2,91.7
34684447,NC_063032.1,2673727,37,33,92,36.5,33.4,91.6
34684448,NC_063032.1,2673728,37,33,91,36.5,33.6,91.1
34684449,NC_063032.1,2673729,37,34,88,36.6,33.7,90.6
34684450,NC_063032.1,2673730,37,35,91,36.7,33.7,89.1
34684451,NC_063032.1,2673731,37,35,91,36.9,33.9,89.0
34684452,NC_063032.1,2673732,36,35,89,37.1,34.0,89.1
34684453,NC_063032.1,2673733,37,34,88,37.3,34.0,89.0
34684454,NC_063032.1,2673734,37,33,80,37.5,34.1,89.0
34684455,NC_063032.1,2673735,38,34,89,37.7,34.2,89.3
34684456,NC_063032.1,2673736,38,34,92,37.9,34.2,89.3
34684457,NC_063032.1,2673737,39,33,91,38.1,34.3,89.2
34684458,NC_063032.1,2673738,39,34,91,38.4,34.4,89.4
34684459,NC_063032.1,2673739,39,35,91,38.6,34.6,89.6
34684460,NC_063032.1,2673740,39,35,91,38.7,34.9,90.3
34684461,NC_063032.1,2673741,39,36,90,38.7,35.1,90.1
34684462,NC_063032.1,2673742,39,36,91,38.9,35.3,89.9
34684463,NC_063032.1,2673743,39,36,90,39.0,35.6,89.8
34684464,NC_063032.1,2673744,38,36,87,39.0,35.8,89.6
34684465,NC_063032.1,2673745,38,36,87,39.1,35.9,89.5
34684466,NC_063032.1,2673746,40,36,90,39.2,36.0,89.4
34684467,NC_063032.1,2673747,40,36,90,39.3,36.0,89.1
34684468,NC_063032.1,2673748,39,36,89,39.4,36.0,88.9
34684469,NC_063032.1,2673749,40,36,90,39.5,36.0,88.8
34684470,NC_063032.1,2673750,40,36,90,39.7,36.0,89.2
34684471,NC_063032.1,2673751,40,36,87,39.8,35.9,89.6
34684472,NC_063032.1,2673752,40,36,89,39.7,35.8,89.4
34684473,NC_063032.1,2673753,40,36,89,39.6,35.8,89.3
34684474,NC_063032.1,2673754,40,36,91,39.6,35.9,89.4
34684475,NC_063032.1,2673755,39,35,91,39.5,36.1,89.3
34684476,NC_063032.1,2673756,39,35,88,39.3,36.3,89.2
34684477,NC_063032.1,2673757,39,36,89,39.2,36.5,89.5
34684478,NC_063032.1,2673758,39,37,90,39.1,36.6,89.6
34684479,NC_063032.1,2673759,39,38,89,38.9,36.6,89.3
34684480,NC_063032.1,2673760,38,38,89,38.4,36.4,87.7
34684481,NC_063032.1,2673761,39,38,90,37.8,36.2,86.0
34684482,NC_063032.1,2673762,39,37,90,37.6,36.5,86.0
34684483,NC_063032.1,2673763,38,36,86,37.5,36.7,85.8
34684484,NC_063032.1,2673764,35,34,75,37.5,36.7,85.7
34684485,NC_063032.1,2673765,33,33,74,37.5,36.6,85.7
34684486,NC_063032.1,2673766,37,38,88,37.7,36.4,85.6
34684487,NC_063032.1,2673767,38,38,87,37.8,36.2,85.5
34684488,NC_063032.1,2673768,39,37,89,37.9,36.0,85.4
34684489,NC_063032.1,2673769,39,37,89,38.1,36.0,85.7
34684490,NC_063032.1,2673770,40,36,88,38.6,36.2,86.9
34684491,NC_063032.1,2673771,40,36,89,39.4,36.5,88.4
34684492,NC_063032.1,2673772,40,35,89,39.8,36.3,88.3
34684493,NC_063032.1,2673773,40,36,89,40.1,36.1,88.6
34684494,NC_063032.1,2673774,40,36,87,40.3,36.0,88.5
34684495,NC_063032.1,2673775,41,36,89,40.5,35.8,88.2
34684496,NC_063032.1,2673776,41,36,87,40.6,35.8,88.1
34684497,NC_063032.1,2673777,41,36,90,40.7,35.7,87.8
34684498,NC_063032.1,2673778,41,36,88,40.7,35.6,87.6
34684499,NC_063032.1,2673779,41,35,86,40.8,35.4,87.4
34684500,NC_063032.1,2673780,41,36,87,40.9,35.2,87.6
34684501,NC_063032.1,2673781,41,35,86,40.9,35.0,87.5
34684502,NC_063032.1,2673782,40,34,87,40.8,34.5,87.6
34684503,NC_063032.1,2673783,41,34,87,40.7,34.2,87.4
34684504,NC_063032.1,2673784,41,34,89,40.7,34.2,87.6
34684505,NC_063032.1,2673785,41,34,88,40.6,34.2,88.1
34684506,NC_063032.1,2673786,40,31,88,40.5,34.1,88.5
34684507,NC_063032.1,2673787,40,33,88,40.4,34.1,88.8
34684508,NC_063032.1,2673788,41,36,90,40.5,34.2,89.0
34684509,NC_063032.1,2673789,40,35,91,40.5,34.4,89.3
34684510,NC_063032.1,2673790,40,35,91,40.4,34.4,89.3
34684511,NC_063032.1,2673791,40,35,89,40.3,34.6,89.6
34684512,NC_063032.1,2673792,41,35,89,40.3,35.1,89.8
34684513,NC_063032.1,2673793,41,36,90,40.4,35.5,90.1
34684514,NC_063032.1,2673794,40,34,89,40.3,35.6,90.2
34684515,NC_063032.1,2673795,40,36,91,40.3,35.7,90.1
34684516,NC_063032.1,2673796,40,36,90,40.3,35.7,90.0
34684517,NC_063032.1,2673797,41,37,91,40.3,35.7,90.2
34684518,NC_063032.1,2673798,40,37,91,40.2,35.7,90.4
34684519,NC_063032.1,2673799,40,36,90,40.1,35.7,90.6
34684520,NC_063032.1,2673800,40,35,90,40.1,35.9,90.7
34684521,NC_063032.1,2673801,40,35,91,40.1,35.7,90.5
34684522,NC_063032.1,2673802,40,35,91,40.1,35.6,90.5
34684523,NC_063032.1,2673803,40,36,92,40.0,35.4,90.4
34684524,NC_063032.1,2673804,40,36,90,40.0,35.2,90.4
34684525,NC_063032.1,2673805,40,34,89,40.0,35.1,90.5
34684526,NC_063032.1,2673806,40,35,90,40.0,35.0,90.3
34684527,NC_063032.1,2673807,40,35,90,40.0,34.6,89.8
34684528,NC_063032.1,2673808,40,35,91,40.0,34.6,89.7
34684529,NC_063032.1,2673809,40,35,91,39.9,34.5,89.3
34684530,NC_063032.1,2673810,40,34,88,38.5,33.5,86.6
34684531,NC_063032.1,2673811,40,31,86,38.3,33.6,86.6
34684532,NC_063032.1,2673812,40,35,90,38.3,33.6,86.9
34684533,NC_063032.1,2673813,39,35,88,38.3,33.6,87.2
34684534,NC_063032.1,2673814,26,26,63,38.3,33.6,87.3
34684535,NC_063032.1,2673815,38,35,89,38.2,33.6,87.3
34684536,NC_063032.1,2673816,40,35,93,38.1,33.7,87.4
34684537,NC_063032.1,2673817,40,35,93,38.0,34.0,87.7
34684538,NC_063032.1,2673818,40,35,92,37.9,33.9,87.6
34684539,NC_063032.1,2673819,39,35,91,37.8,33.8,87.9
34684540,NC_063032.1,2673820,39,35,89,39.1,34.6,90.8
34684541,NC_063032.1,2673821,39,34,89,39.2,34.5,91.1
34684542,NC_063032.1,2673822,39,34,89,39.1,34.4,90.9
34684543,NC_063032.1,2673823,38,34,91,39.0,34.3,90.8
34684544,NC_063032.1,2673824,39,34,92,38.9,34.2,90.6
34684545,NC_063032.1,2673825,39,34,92,38.9,34.1,90.6
34684546,NC_063032.1,2673826,39,34,91,38.9,34.0,90.9
34684547,NC_063032.1,2673827,39,34,92,38.5,33.8,90.7
34684548,NC_063032.1,2673828,39,34,90,38.5,33.8,90.9
34684549,NC_063032.1,2673829,39,34,91,38.6,33.8,91.0
34684550,NC_063032.1,2673830,39,34,92,38.6,33.8,91.0
34684551,NC_063032.1,2673831,35,32,87,38.6,33.8,91.0
34684552,NC_063032.1,2673832,39,34,91,38.6,33.8,91.1
34684553,NC_063032.1,2673833,39,34,92,38.4,33.8,90.9
34684554,NC_063032.1,2673834,39,34,92,38.4,33.8,91.1
34684555,NC_063032.1,2673835,39,34,92,38.4,33.8,91.2
34684556,NC_063032.1,2673836,39,34,92,38.3,33.9,90.9
34684557,NC_063032.1,2673837,37,34,90,38.7,34.3,91.2
34684558,NC_063032.1,2673838,39,34,92,38.8,34.5,91.2
34684559,NC_063032.1,2673839,39,34,92,38.8,34.6,91.2
34684560,NC_063032.1,2673840,38,35,89,38.9,34.7,91.1
34684561,NC_063032.1,2673841,39,36,90,38.7,34.7,91.0
34684562,NC_063032.1,2673842,40,36,91,38.8,34.8,91.0
34684563,NC_063032.1,2673843,39,35,92,39.1,34.9,91.2
34684564,NC_063032.1,2673844,40,35,91,39.2,35.0,91.2
34684565,NC_063032.1,2673845,37,34,91,39.2,35.1,91.2
34684566,NC_063032.1,2673846,40,35,92,39.5,35.1,91.3
34684567,NC_063032.1,2673847,40,35,92,39.7,35.0,91.4
34684568,NC_063032.1,2673848,40,35,92,39.8,34.9,91.3
34684569,NC_063032.1,2673849,39,35,92,39.9,34.9,90.6
34684570,NC_063032.1,2673850,41,35,90,40.0,34.9,90.3
34684571,NC_063032.1,2673851,41,35,91,40.5,35.0,90.0
34684572,NC_063032.1,2673852,41,35,90,40.7,35.0,89.6
34684573,NC_063032.1,2673853,40,35,85,40.6,34.9,87.8
34684574,NC_063032.1,2673854,41,35,88,40.8,34.9,87.3
34684575,NC_063032.1,2673855,42,35,88,41.1,34.9,86.7
34684576,NC_063032.1,2673856,42,35,88,41.2,34.9,86.2
34684577,NC_063032.1,2673857,39,34,74,41.3,34.9,85.6
34684578,NC_063032.1,2673858,42,35,87,40.5,34.6,84.0
34684579,NC_063032.1,2673859,42,35,86,40.7,34.6,84.1
34684580,NC_063032.1,2673860,42,35,85,40.8,34.6,83.8
34684581,NC_063032.1,2673861,42,35,85,40.8,34.6,83.6
34684582,NC_063032.1,2673862,33,32,74,40.9,34.7,83.4
34684583,NC_063032.1,2673863,42,35,86,41.5,34.9,84.5
34684584,NC_063032.1,2673864,42,35,85,41.8,34.9,84.3
34684585,NC_063032.1,2673865,42,35,86,42.1,34.7,83.9
34684586,NC_063032.1,2673866,43,36,86,42.4,34.5,83.9
34684587,NC_063032.1,2673867,45,36,85,42.7,34.3,84.1
34684588,NC_063032.1,2673868,45,35,85,43.9,34.4,85.3
34684589,NC_063032.1,2673869,45,33,82,44.2,34.2,85.3
34684590,NC_063032.1,2673870,45,33,85,44.5,33.9,85.5
34684591,NC_063032.1,2673871,45,33,87,44.7,33.6,85.2
34684592,NC_063032.1,2673872,45,33,86,44.8,33.2,84.9
34684593,NC_063032.1,2673873,45,33,86,44.7,32.9,85.0
34684594,NC_063032.1,2673874,45,32,87,44.6,32.8,85.0
34684595,NC_063032.1,2673875,44,32,83,44.3,33.0,84.4
34684596,NC_063032.1,2673876,44,32,83,44.3,33.2,84.6
34684597,NC_063032.1,2673877,44,33,86,44.3,33.4,84.6
34684598,NC_063032.1,2673878,44,34,85,44.2,33.6,84.6
34684599,NC_063032.1,2673879,42,35,76,44.1,33.7,84.5
34684600,NC_063032.1,2673880,45,35,87,44.1,33.9,84.3
34684601,NC_063032.1,2673881,45,35,87,44.2,34.0,84.6
34684602,NC_063032.1,2673882,44,35,86,43.8,33.9,84.1
34684603,NC_063032.1,2673883,44,34,85,43.9,33.9,83.7
34684604,NC_063032.1,2673884,45,34,85,44.0,33.9,83.5
34684605,NC_063032.1,2673885,45,33,86,44.2,33.8,84.1
34684606,NC_063032.1,2673886,40,31,78,44.2,33.6,83.5
34684607,NC_063032.1,2673887,45,33,82,43.7,33.1,82.2
34684608,NC_063032.1,2673888,45,34,83,43.8,32.9,82.0
34684609,NC_063032.1,2673889,44,34,82,43.9,32.8,81.8
34684610,NC_063032.1,2673890,45,33,81,43.8,32.7,81.4
34684611,NC_063032.1,2673891,40,30,74,43.7,32.7,81.2
34684612,NC_063032.1,2673892,45,33,84,44.2,32.9,81.8
34684613,NC_063032.1,2673893,45,33,83,44.2,32.9,81.9
34684614,NC_063032.1,2673894,44,33,81,44.2,32.8,81.6
34684615,NC_063032.1,2673895,44,33,84,44.1,32.6,81.4
34684616,NC_063032.1,2673896,45,33,84,44.1,32.6,81.6
34684617,NC_063032.1,2673897,45,33,83,44.6,32.7,82.4
34684618,NC_063032.1,2673898,45,33,80,44.6,32.6,82.2
34684619,NC_063032.1,2673899,43,32,80,44.6,32.4,82.0
34684620,NC_063032.1,2673900,45,33,83,44.7,32.2,82.1
34684621,NC_063032.1,2673901,45,31,82,44.7,32.0,81.9
34684622,NC_063032.1,2673902,45,32,82,44.6,31.7,81.6
34684623,NC_063032.1,2673903,45,31,81,42.8,31.0,78.3
34684624,NC_063032.1,2673904,45,31,82,42.0,30.7,76.9
34684625,NC_063032.1,2673905,44,31,82,42.1,30.6,76.2
34684626,NC_063032.1,2673906,44,30,81,42.1,30.3,75.7
34684627,NC_063032.1,2673907,27,26,50,42.0,30.2,75.5
34684628,NC_063032.1,2673908,37,30,66,41.9,30.0,75.3
34684629,NC_063032.1,2673909,44,31,73,41.6,29.9,74.8
34684630,NC_063032.1,2673910,45,30,78,41.3,29.6,73.8
34684631,NC_063032.1,2673911,44,30,80,41.4,29.7,73.7
34684632,NC_063032.1,2673912,44,30,80,41.5,29.9,73.8
34684633,NC_063032.1,2673913,42,30,76,43.3,30.6,77.0
34684634,NC_063032.1,2673914,42,28,72,44.1,30.8,78.6
34684635,NC_063032.1,2673915,45,32,81,44.2,31.0,79.4
34684636,NC_063032.1,2673916,45,32,82,44.2,31.2,79.5
34684637,NC_063032.1,2673917,45,33,82,44.2,31.3,79.2
34684638,NC_063032.1,2673918,45,32,82,44.2,31.5,79.2
34684639,NC_063032.1,2673919,45,33,81,44.2,31.6,79.3
34684640,NC_063032.1,2673920,45,32,79,44.3,31.9,80.2
34684641,NC_063032.1,2673921,44,31,77,43.8,31.9,79.6
34684642,NC_063032.1,2673922,44,32,80,43.6,31.9,79.4
34684643,NC_063032.1,2673923,42,31,77,43.2,31.8,79.1
34684644,NC_063032.1,2673924,43,31,81,42.7,31.8,78.7
34684645,NC_063032.1,2673925,40,32,75,42.4,31.7,78.7
34684646,NC_063032.1,2673926,43,32,80,42.2,31.7,78.9
34684647,NC_063032.1,2673927,41,32,79,41.8,31.8,78.3
34684648,NC_063032.1,2673928,40,32,78,41.8,31.8,78.6
34684649,NC_063032.1,2673929,42,32,81,42.0,31.9,79.2
34684650,NC_063032.1,2673930,43,32,81,42.2,31.9,79.4
34684651,NC_063032.1,2673931,40,32,71,42.5,31.6,79.6
34684652,NC_063032.1,2673932,44,32,83,42.8,31.4,80.0
34684653,NC_063032.1,2673933,44,32,83,43.3,31.2,80.5
34684654,NC_063032.1,2673934,45,31,83,43.9,31.0,81.1
34684655,NC_063032.1,2673935,43,29,77,44.3,30.8,81.4
34684656,NC_063032.1,2673936,46,30,84,44.2,30.5,81.4
34684657,NC_063032.1,2673937,46,30,84,44.9,30.3,82.6
34684658,NC_063032.1,2673938,46,30,84,45.2,30.1,82.4
34684659,NC_063032.1,2673939,46,30,84,45.5,29.9,82.3
34684660,NC_063032.1,2673940,42,29,81,45.6,29.6,81.6
34684661,NC_063032.1,2673941,47,30,83,45.9,29.6,82.1
34684662,NC_063032.1,2673942,47,30,81,45.9,29.5,81.5
34684663,NC_063032.1,2673943,47,30,82,46.0,29.6,81.0
34684664,NC_063032.1,2673944,46,28,76,46.1,29.6,80.6
34684665,NC_063032.1,2673945,46,29,82,46.2,29.6,80.5
34684666,NC_063032.1,2673946,46,29,78,46.7,29.7,80.7
34684667,NC_063032.1,2673947,47,31,79,46.7,29.7,80.7
34684668,NC_063032.1,2673948,47,30,80,46.7,29.7,80.9
34684669,NC_063032.1,2673949,47,30,83,46.7,29.6,80.5
34684670,NC_063032.1,2673950,47,30,83,46.7,29.7,80.4
34684671,NC_063032.1,2673951,47,30,83,46.7,29.7,79.7
34684672,NC_063032.1,2673952,47,30,83,46.7,29.7,79.9
34684673,NC_063032.1,2673953,47,29,78,46.6,29.5,80.1
34684674,NC_063032.1,2673954,46,29,75,46.5,29.6,80.1
34684675,NC_063032.1,2673955,46,29,75,46.4,29.7,79.9
34684676,NC_063032.1,2673956,46,29,80,46.4,29.8,79.7
34684677,NC_063032.1,2673957,46,29,81,46.4,29.9,79.6
34684678,NC_063032.1,2673958,46,31,80,45.8,29.4,78.1
34684679,NC_063032.1,2673959,46,31,81,45.5,29.5,78.4
34684680,NC_063032.1,2673960,47,31,81,45.3,29.6,79.0
34684681,NC_063032.1,2673961,47,31,82,45.0,29.6,79.7
34684682,NC_063032.1,2673962,41,25,68,44.8,29.7,79.8
34684683,NC_063032.1,2673963,44,30,81,44.3,29.7,79.5
34684684,NC_063032.1,2673964,44,30,81,44.0,29.5,79.2
34684685,NC_063032.1,2673965,43,29,82,43.5,29.4,78.9
34684686,NC_063032.1,2673966,44,30,81,42.9,29.4,78.6
34684687,NC_063032.1,2673967,41,29,78,41.9,29.3,77.8
34684688,NC_063032.1,2673968,43,29,77,42.0,29.9,79.0
34684689,NC_063032.1,2673969,41,30,78,41.6,29.9,78.7
34684690,NC_063032.1,2673970,41,31,78,41.2,30.0,78.4
34684691,NC_063032.1,2673971,37,30,74,41.1,30.2,78.1
34684692,NC_063032.1,2673972,42,31,80,40.7,30.3,77.9
34684693,NC_063032.1,2673973,40,30,78,40.8,30.3,77.8
34684694,NC_063032.1,2673974,40,31,78,40.6,30.3,77.6
34684695,NC_063032.1,2673975,42,31,79,40.8,30.2,77.2
34684696,NC_063032.1,2673976,40,31,79,41.0,29.9,76.6
34684697,NC_063032.1,2673977,42,29,77,41.5,29.9,76.5
34684698,NC_063032.1,2673978,41,29,75,41.2,29.6,76.0
34684699,NC_063032.1,2673979,43,29,74,41.4,29.5,76.1
34684700,NC_063032.1,2673980,43,28,72,41.8,29.4,76.2
34684701,NC_063032.1,2673981,42,30,73,42.0,29.3,76.3
34684702,NC_063032.1,2673982,39,28,75,42.4,29.2,76.4
34684703,NC_063032.1,2673983,42,29,79,42.6,29.3,76.7
34684704,NC_063032.1,2673984,44,30,79,42.9,29.4,77.2
34684705,NC_063032.1,2673985,44,30,80,43.0,29.4,77.9
34684706,NC_063032.1,2673986,44,30,80,43.2,29.6,78.8
34684707,NC_063032.1,2673987,44,30,80,43.4,29.7,79.6
34684708,NC_063032.1,2673988,44,30,80,43.8,30.1,80.1
34684709,NC_063032.1,2673989,44,29,81,43.9,30.4,80.0
34684710,NC_063032.1,2673990,45,30,81,43.8,30.6,80.0
34684711,NC_063032.1,2673991,44,31,81,43.7,30.7,79.9
34684712,NC_063032.1,2673992,43,32,80,43.6,30.9,79.7
34684713,NC_063032.1,2673993,43,32,78,43.5,31.0,79.2
34684714,NC_063032.1,2673994,43,32,79,43.4,31.3,79.0
34684715,NC_063032.1,2673995,43,31,79,43.3,31.7,78.7
34684716,NC_063032.1,2673996,43,32,78,43.1,32.1,78.5
34684717,NC_063032.1,2673997,43,31,75,43.0,32.4,78.1
34684718,NC_063032.1,2673998,43,33,78,43.0,32.6,77.9
34684719,NC_063032.1,2673999,43,33,78,43.0,32.8,78.0
34684720,NC_063032.1,2674000,43,34,79,43.0,33.0,77.9
34684721,NC_063032.1,2674001,43,34,77,43.0,33.2,77.9
34684722,NC_063032.1,2674002,43,34,78,43.0,33.4,78.1
34684723,NC_063032.1,2674003,43,34,79,43.0,33.7,78.6
34684724,NC_063032.1,2674004,43,34,78,43.0,33.7,78.2
34684725,NC_063032.1,2674005,43,33,79,43.0,33.8,78.5
34684726,NC_063032.1,2674006,43,34,80,42.9,33.8,78.7
34684727,NC_063032.1,2674007,43,34,80,42.9,33.8,79.2
34684728,NC_063032.1,2674008,43,33,74,42.9,33.8,79.5
34684729,NC_063032.1,2674009,43,34,81,42.8,33.7,79.7
34684730,NC_063032.1,2674010,42,34,81,42.7,33.7,80.0
34684731,NC_063032.1,2674011,43,34,82,42.6,33.8,80.0
34684732,NC_063032.1,2674012,43,34,81,42.5,33.8,80.1
34684733,NC_063032.1,2674013,42,33,81,42.3,33.7,80.0
34684734,NC_063032.1,2674014,42,34,81,42.2,33.8,80.7
34684735,NC_063032.1,2674015,42,34,79,42.1,33.8,80.5
34684736,NC_063032.1,2674016,42,34,81,42.2,33.8,80.4
34684737,NC_063032.1,2674017,41,33,79,42.2,33.8,80.0
34684738,NC_063032.1,2674018,42,34,81,42.2,33.8,79.7
34684739,NC_063032.1,2674019,42,34,79,42.3,33.9,79.7
34684740,NC_063032.1,2674020,43,34,80,42.4,33.9,79.7
34684741,NC_063032.1,2674021,43,34,78,42.5,33.8,79.8
34684742,NC_063032.1,2674022,43,34,78,42.6,33.7,79.7
34684743,NC_063032.1,2674023,43,34,81,42.7,33.7,79.8
34684744,NC_063032.1,2674024,43,34,81,42.7,33.6,79.7
34684745,NC_063032.1,2674025,43,33,80,42.5,33.5,79.9
34684746,NC_063032.1,2674026,43,33,80,42.4,33.4,80.1
34684747,NC_063032.1,2674027,42,33,80,42.2,33.4,80.4
34684748,NC_063032.1,2674028,42,33,80,42.2,33.4,80.7
34684749,NC_063032.1,2674029,40,33,81,42.1,33.5,80.6
34684750,NC_063032.1,2674030,42,33,82,42.1,33.7,80.6
34684751,NC_063032.1,2674031,41,34,81,42.0,34.0,80.7
34684752,NC_063032.1,2674032,43,34,81,42.0,34.3,80.8
34684753,NC_063032.1,2674033,42,35,80,42.1,34.5,81.1
34684754,NC_063032.1,2674034,43,36,81,42.2,34.7,81.4
34684755,NC_063032.1,2674035,42,36,81,42.4,34.9,81.5
34684756,NC_063032.1,2674036,43,36,81,42.5,35.1,81.6
34684757,NC_063032.1,2674037,43,35,83,42.6,35.0,81.8
34684758,NC_063032.1,2674038,43,35,83,42.6,34.6,81.9
34684759,NC_063032.1,2674039,42,35,82,42.6,34.3,82.0
34684760,NC_063032.1,2674040,43,35,83,42.5,33.8,82.2
34684761,NC_063032.1,2674041,42,33,83,42.6,33.3,82.2
34684762,NC_063032.1,2674042,43,30,82,42.6,32.8,82.2
34684763,NC_063032.1,2674043,42,32,81,42.6,32.4,82.1
34684764,NC_063032.1,2674044,42,31,83,42.5,31.9,82.0
34684765,NC_063032.1,2674045,43,31,81,42.5,31.4,82.0
34684766,NC_063032.1,2674046,43,31,81,42.3,30.9,81.9
34684767,NC_063032.1,2674047,43,31,82,42.3,30.6,81.9
34684768,NC_063032.1,2674048,42,30,82,42.0,30.6,82.0
34684769,NC_063032.1,2674049,42,30,82,41.8,30.5,82.3
34684770,NC_063032.1,2674050,41,30,82,41.9,30.5,82.6
34684771,NC_063032.1,2674051,42,30,83,41.9,30.5,83.1
34684772,NC_063032.1,2674052,40,30,83,41.9,30.4,83.7
34684773,NC_063032.1,2674053,40,31,84,41.9,30.3,84.2
34684774,NC_063032.1,2674054,43,31,86,42.1,30.4,84.6
34684775,NC_063032.1,2674055,43,31,86,42.3,30.4,85.0
34684776,NC_063032.1,2674056,43,30,87,42.6,30.4,85.3
34684777,NC_063032.1,2674057,43,30,87,42.8,30.4,85.5
34684778,NC_063032.1,2674058,44,31,86,43.2,30.4,85.7
34684779,NC_063032.1,2674059,44,30,86,43.6,30.3,85.9
34684780,NC_063032.1,2674060,44,30,85,43.7,30.1,85.8
34684781,NC_063032.1,2674061,44,30,85,43.9,30.0,85.8
34684782,NC_063032.1,2674062,44,30,85,44.1,30.0,85.6
34684783,NC_063032.1,2674063,44,30,86,44.2,30.0,85.4
34684784,NC_063032.1,2674064,44,29,85,44.3,29.9,85.4
34684785,NC_063032.1,2674065,45,30,86,44.4,29.9,85.4
34684786,NC_063032.1,2674066,45,30,85,44.5,29.9,85.5
34684787,NC_063032.1,2674067,44,30,85,44.7,29.9,85.6
34684788,NC_063032.1,2674068,45,30,86,44.9,29.9,85.7
34684789,NC_063032.1,2674069,45,30,86,45.1,29.9,85.7
34684790,NC_063032.1,2674070,45,30,86,45.2,30.0,85.6
34684791,NC_063032.1,2674071,46,30,86,45.2,30.0,85.5
34684792,NC_063032.1,2674072,46,30,86,45.2,30.0,85.6
34684793,NC_063032.1,2674073,46,30,86,44.9,29.9,85.2
34684794,NC_063032.1,2674074,45,30,84,44.7,29.8,84.9
34684795,NC_063032.1,2674075,45,30,85,44.6,29.8,85.0
34684796,NC_063032.1,2674076,45,30,86,44.6,29.7,84.9
34684797,NC_063032.1,2674077,41,29,81,44.0,29.7,84.2
34684798,NC_063032.1,2674078,43,29,83,44.0,29.9,84.5
34684799,NC_063032.1,2674079,44,30,87,44.0,30.1,84.8
34684800,NC_063032.1,2674080,45,29,85,44.1,30.3,85.3
34684801,NC_063032.1,2674081,40,30,79,44.3,30.5,85.6
34684802,NC_063032.1,2674082,46,32,89,44.5,30.6,85.6
34684803,NC_063032.1,2674083,46,32,89,45.1,30.8,86.2
34684804,NC_063032.1,2674084,46,32,89,45.5,31.0,86.7
34684805,NC_063032.1,2674085,47,32,88,45.8,31.0,86.8
34684806,NC_063032.1,2674086,47,31,86,45.7,31.2,86.5
34684807,NC_063032.1,2674087,47,31,87,46.1,31.3,86.9
34684808,NC_063032.1,2674088,47,31,88,46.2,31.3,86.7
34684809,NC_063032.1,2674089,47,30,88,45.9,31.3,85.7
34684810,NC_063032.1,2674090,44,31,82,46.0,31.3,85.3
34684811,NC_063032.1,2674091,44,31,83,46.0,31.3,85.0
34684812,NC_063032.1,2674092,47,32,87,46.0,31.4,85.0
34684813,NC_063032.1,2674093,43,32,79,46.0,31.5,84.9
34684814,NC_063032.1,2674094,47,32,85,46.0,31.5,84.8
34684815,NC_063032.1,2674095,47,32,85,46.1,31.6,84.8
34684816,NC_063032.1,2674096,47,32,86,46.5,31.6,85.2
34684817,NC_063032.1,2674097,47,32,86,46.9,31.6,85.7
34684818,NC_063032.1,2674098,47,31,87,47.1,31.5,85.8
34684819,NC_063032.1,2674099,48,31,88,47.6,31.4,86.6
34684820,NC_063032.1,2674100,48,31,86,47.7,31.4,86.7
34684821,NC_063032.1,2674101,48,31,88,47.8,31.4,86.5
34684822,NC_063032.1,2674102,49,31,88,47.9,31.4,86.2
34684823,NC_063032.1,2674103,48,31,87,48.0,31.4,86.0
34684824,NC_063032.1,2674104,48,32,86,48.2,31.4,85.7
34684825,NC_063032.1,2674105,48,32,83,48.3,31.4,85.6
34684826,NC_063032.1,2674106,48,32,83,48.5,31.4,85.6
34684827,NC_063032.1,2674107,48,32,84,48.6,31.4,85.4
34684828,NC_063032.1,2674108,49,31,84,48.5,31.2,84.8
34684829,NC_063032.1,2674109,49,31,87,48.4,31.0,84.2
34684830,NC_063032.1,2674110,50,31,86,48.4,30.9,84.3
34684831,NC_063032.1,2674111,49,31,86,48.1,30.7,84.5
34684832,NC_063032.1,2674112,48,29,82,47.8,30.5,84.7
34684833,NC_063032.1,2674113,47,29,81,47.8,30.5,85.2
34684834,NC_063032.1,2674114,48,31,87,47.6,30.6,85.6
34684835,NC_063032.1,2674115,45,30,85,47.4,30.7,85.6
34684836,NC_063032.1,2674116,45,30,85,47.1,30.7,85.9
34684837,NC_063032.1,2674117,48,32,89,46.9,30.8,86.2
34684838,NC_063032.1,2674118,47,32,88,46.9,31.1,86.8
34684839,NC_063032.1,2674119,47,32,87,47.0,31.4,87.4
34684840,NC_063032.1,2674120,47,31,89,47.0,31.5,87.4
34684841,NC_063032.1,2674121,47,32,89,47.3,31.7,87.6
34684842,NC_063032.1,2674122,48,32,88,47.6,31.9,87.6
34684843,NC_063032.1,2674123,48,32,87,47.4,31.9,87.2
34684844,NC_063032.1,2674124,48,32,87,46.8,31.7,86.0
34684845,NC_063032.1,2674125,48,32,87,46.7,31.7,85.9
34684846,NC_063032.1,2674126,48,32,85,46.7,31.8,85.8
34684847,NC_063032.1,2674127,46,32,85,46.7,31.8,85.9
34684848,NC_063032.1,2674128,41,30,76,46.6,32.0,86.0
34684849,NC_063032.1,2674129,46,32,86,46.5,32.1,86.3
34684850,NC_063032.1,2674130,47,32,88,46.4,32.2,86.6
34684851,NC_063032.1,2674131,47,32,90,46.1,32.2,86.6
34684852,NC_063032.1,2674132,47,34,89,45.9,32.2,87.0
34684853,NC_063032.1,2674133,47,33,90,46.0,32.2,87.5
34684854,NC_063032.1,2674134,47,33,90,46.7,32.4,88.7
34684855,NC_063032.1,2674135,45,32,87,46.8,32.4,88.6
34684856,NC_063032.1,2674136,46,32,89,46.8,32.4,88.7
34684857,NC_063032.1,2674137,47,32,90,46.9,32.4,88.6
34684858,NC_063032.1,2674138,48,32,88,47.0,32.2,88.6
34684859,NC_063032.1,2674139,47,32,85,47.1,32.1,88.5
34684860,NC_063032.1,2674140,47,32,89,47.2,31.9,88.5
34684861,NC_063032.1,2674141,48,32,89,47.5,31.8,88.7
34684862,NC_063032.1,2674142,48,32,89,47.7,31.7,88.6
34684863,NC_063032.1,2674143,48,32,89,47.8,31.6,88.5
34684864,NC_063032.1,2674144,48,31,90,47.8,31.5,88.6
34684865,NC_063032.1,2674145,48,31,89,47.9,31.4,89.0
34684866,NC_063032.1,2674146,48,31,88,48.0,31.3,88.8
34684867,NC_063032.1,2674147,48,31,89,47.9,31.2,88.6
34684868,NC_063032.1,2674148,48,31,89,47.9,31.1,88.5
34684869,NC_063032.1,2674149,48,31,89,47.8,31.0,88.4
34684870,NC_063032.1,2674150,48,31,87,47.8,31.0,88.3
34684871,NC_063032.1,2674151,47,31,87,47.7,30.9,88.2
34684872,NC_063032.1,2674152,48,31,88,46.8,30.5,87.0
34684873,NC_063032.1,2674153,47,31,88,46.7,30.4,86.9
34684874,NC_063032.1,2674154,48,31,89,46.5,30.2,86.8
34684875,NC_063032.1,2674155,47,30,88,46.3,30.0,86.8
34684876,NC_063032.1,2674156,39,27,76,44.7,29.4,84.4
34684877,NC_063032.1,2674157,47,30,88,44.2,29.1,83.9
34684878,NC_063032.1,2674158,46,29,88,44.1,28.8,84.3
34684879,NC_063032.1,2674159,46,29,89,44.1,28.6,84.7
34684880,NC_063032.1,2674160,32,25,63,44.0,28.4,85.0
34684881,NC_063032.1,2674161,42,28,82,44.0,28.2,85.5
34684882,NC_063032.1,2674162,47,28,92,44.8,28.2,87.2
34684883,NC_063032.1,2674163,47,29,92,44.8,28.0,87.7
34684884,NC_063032.1,2674164,47,29,92,45.0,28.0,87.8
34684885,NC_063032.1,2674165,47,28,93,45.0,27.9,87.9
34684886,NC_063032.1,2674166,47,27,93,46.4,28.2,90.4
34684887,NC_063032.1,2674167,47,28,93,47.0,28.4,91.3
34684888,NC_063032.1,2674168,48,29,89,47.0,28.6,91.2
34684889,NC_063032.1,2674169,46,28,90,47.1,28.6,91.3
34684890,NC_063032.1,2674170,46,28,88,47.2,28.6,91.3
34684891,NC_063032.1,2674171,48,30,91,47.3,28.7,91.4
34684892,NC_063032.1,2674172,47,30,91,47.2,28.9,91.4
34684893,NC_063032.1,2674173,48,29,93,47.2,29.0,91.4
34684894,NC_063032.1,2674174,48,29,92,47.2,29.0,91.8
34684895,NC_063032.1,2674175,48,29,94,47.4,29.1,92.0
34684896,NC_063032.1,2674176,46,29,93,47.5,29.2,92.7
34684897,NC_063032.1,2674177,47,29,93,47.3,29.1,92.9
34684898,NC_063032.1,2674178,48,29,93,47.3,29.0,93.2
34684899,NC_063032.1,2674179,48,29,92,47.3,29.0,93.4
34684900,NC_063032.1,2674180,47,29,95,47.3,28.9,93.9
34684901,NC_063032.1,2674181,46,29,93,47.2,28.7,94.1
34684902,NC_063032.1,2674182,47,29,94,46.6,28.3,93.9
34684903,NC_063032.1,2674183,48,29,95,46.6,28.2,94.0
34684904,NC_063032.1,2674184,48,28,97,46.5,28.0,94.1
34684905,NC_063032.1,2674185,47,27,96,46.4,27.8,94.3
34684906,NC_063032.1,2674186,40,25,91,46.4,27.6,94.1
34684907,NC_063032.1,2674187,47,28,94,46.4,27.4,94.3
34684908,NC_063032.1,2674188,47,27,94,46.4,27.2,94.3
34684909,NC_063032.1,2674189,47,27,94,46.4,27.0,94.2
34684910,NC_063032.1,2674190,47,27,93,46.3,26.9,94.1
34684911,NC_063032.1,2674191,46,27,95,46.3,26.9,94.1
34684912,NC_063032.1,2674192,47,27,94,47.0,27.1,94.6
34684913,NC_063032.1,2674193,48,27,94,47.0,27.0,94.8
34684914,NC_063032.1,2674194,47,27,96,47.0,27.0,95.1
34684915,NC_063032.1,2674195,47,27,96,47.0,27.0,95.3
34684916,NC_063032.1,2674196,47,27,96,47.0,27.1,95.5
34684917,NC_063032.1,2674197,47,27,96,47.2,27.2,95.6
34684918,NC_063032.1,2674198,47,27,97,47.3,27.3,95.7
34684919,NC_063032.1,2674199,47,27,96,47.3,27.5,95.9
34684920,NC_063032.1,2674200,47,28,95,47.4,27.7,95.5
34684921,NC_063032.1,2674201,48,28,96,47.3,27.9,95.0
34684922,NC_063032.1,2674202,48,28,95,47.4,28.2,94.6
34684923,NC_063032.1,2674203,48,29,96,47.6,28.5,94.2
34684924,NC_063032.1,2674204,48,29,92,47.8,28.7,93.5
34684925,NC_063032.1,2674205,46,29,91,48.0,28.9,93.2
34684926,NC_063032.1,2674206,48,30,92,48.2,29.0,93.0
34684927,NC_063032.1,2674207,49,30,92,48.3,29.1,92.7
34684928,NC_063032.1,2674208,49,29,90,48.4,29.2,92.5
34684929,NC_063032.1,2674209,49,29,93,48.4,29.2,92.2
34684930,NC_063032.1,2674210,49,29,93,48.4,29.2,92.1
34684931,NC_063032.1,2674211,49,29,93,48.6,29.2,92.2
34684932,NC_063032.1,2674212,49,29,93,48.4,29.1,92.4
34684933,NC_063032.1,2674213,48,29,93,48.3,29.0,92.7
34684934,NC_063032.1,2674214,48,29,91,48.2,29.0,93.2
34684935,NC_063032.1,2674215,48,29,92,48.1,29.0,93.4
34684936,NC_063032.1,2674216,46,29,94,47.7,28.9,92.5
34684937,NC_063032.1,2674217,48,29,95,47.4,28.7,92.7
34684938,NC_063032.1,2674218,48,29,95,47.2,28.6,92.9
34684939,NC_063032.1,2674219,48,29,95,47.1,28.5,93.0
34684940,NC_063032.1,2674220,45,28,84,47.1,28.4,93.2
34684941,NC_063032.1,2674221,46,27,95,47.2,28.3,93.3
34684942,NC_063032.1,2674222,47,28,95,47.5,28.2,93.3
34684943,NC_063032.1,2674223,47,28,94,47.7,28.1,93.4
34684944,NC_063032.1,2674224,48,28,93,47.8,28.0,93.4
34684945,NC_063032.1,2674225,49,28,93,47.9,27.9,93.4
34684946,NC_063032.1,2674226,49,28,94,48.3,27.9,94.6
34684947,NC_063032.1,2674227,50,28,96,48.5,28.0,94.3
34684948,NC_063032.1,2674228,49,28,95,48.5,27.9,93.8
34684949,NC_063032.1,2674229,49,28,95,48.6,27.7,93.7
34684950,NC_063032.1,2674230,49,28,96,48.6,27.6,94.0
34684951,NC_063032.1,2674231,48,28,92,48.5,27.5,94.0
34684952,NC_063032.1,2674232,47,27,90,48.6,27.4,94.0
34684953,NC_063032.1,2674233,48,26,93,48.6,27.3,94.0
34684954,NC_063032.1,2674234,48,27,96,48.6,27.2,94.0
34684955,NC_063032.1,2674235,48,27,93,48.6,27.0,94.1
34684956,NC_063032.1,2674236,50,27,94,48.6,26.9,93.8
34684957,NC_063032.1,2674237,50,27,96,48.7,26.8,93.9
34684958,NC_063032.1,2674238,49,27,95,49.0,26.8,94.1
34684959,NC_063032.1,2674239,49,26,96,49.2,26.9,94.3
34684960,NC_063032.1,2674240,49,27,93,49.4,26.9,94.2
34684961,NC_063032.1,2674241,49,27,93,49.6,26.9,94.5
34684962,NC_063032.1,2674242,50,27,92,49.6,26.9,94.7
34684963,NC_063032.1,2674243,50,27,95,49.6,26.8,94.2
34684964,NC_063032.1,2674244,50,27,95,49.6,26.8,94.1
34684965,NC_063032.1,2674245,50,27,96,49.6,26.9,94.1
34684966,NC_063032.1,2674246,50,27,96,49.5,27.0,94.4
34684967,NC_063032.1,2674247,50,26,91,49.5,27.1,94.8
34684968,NC_063032.1,2674248,49,27,94,49.4,27.1,95.2
34684969,NC_063032.1,2674249,49,27,96,49.3,27.1,95.4
34684970,NC_063032.1,2674250,48,28,96,49.2,27.1,95.6
34684971,NC_063032.1,2674251,49,28,97,49.1,27.1,95.7
34684972,NC_063032.1,2674252,49,27,96,49.0,26.9,95.7
34684973,NC_063032.1,2674253,49,27,97,48.3,26.8,95.6
34684974,NC_063032.1,2674254,49,27,97,48.2,26.5,95.9
34684975,NC_063032.1,2674255,49,27,97,47.9,26.0,95.5
34684976,NC_063032.1,2674256,49,25,96,47.9,25.7,95.3
34684977,NC_063032.1,2674257,43,25,90,47.8,25.5,95.1
34684978,NC_063032.1,2674258,48,24,97,47.7,25.4,95.0
34684979,NC_063032.1,2674259,46,22,92,47.6,25.3,94.6
34684980,NC_063032.1,2674260,48,25,94,47.3,25.3,94.5
34684981,NC_063032.1,2674261,48,26,95,47.1,25.3,94.5
34684982,NC_063032.1,2674262,48,26,95,46.9,25.5,94.6
34684983,NC_063032.1,2674263,48,26,93,47.3,25.7,95.2
34684984,NC_063032.1,2674264,46,27,96,47.2,25.9,94.9
34684985,NC_063032.1,2674265,47,27,97,47.2,26.4,95.4
34684986,NC_063032.1,2674266,47,27,97,47.0,26.6,95.7
34684987,NC_063032.1,2674267,47,27,96,46.8,26.8,95.9
34684988,NC_063032.1,2674268,47,26,94,46.5,26.9,96.0
34684989,NC_063032.1,2674269,46,27,97,46.1,27.0,96.1
34684990,NC_063032.1,2674270,46,27,97,45.8,26.7,95.1
34684991,NC_063032.1,2674271,46,28,97,45.5,26.6,94.6
34684992,NC_063032.1,2674272,45,27,96,45.1,26.5,94.3
34684993,NC_063032.1,2674273,44,27,94,44.7,26.5,94.4
34684994,NC_063032.1,2674274,43,24,86,44.4,26.6,94.8
34684995,NC_063032.1,2674275,44,26,92,44.1,26.6,94.6
34684996,NC_063032.1,2674276,43,26,94,44.0,26.7,94.6
34684997,NC_063032.1,2674277,43,27,97,43.9,26.7,94.7
34684998,NC_063032.1,2674278,44,27,98,44.0,26.9,94.7
34684999,NC_063032.1,2674279,43,27,95,44.2,27.2,95.0
34685000,NC_063032.1,2674280,45,28,97,44.6,27.8,96.1
34685001,NC_063032.1,2674281,45,28,98,44.9,28.2,96.7
34685002,NC_063032.1,2674282,46,29,96,45.3,28.6,97.2
34685003,NC_063032.1,2674283,46,30,97,45.7,28.9,97.4
34685004,NC_063032.1,2674284,47,30,97,45.9,29.2,97.5
34685005,NC_063032.1,2674285,47,30,98,46.2,29.5,97.9
34685006,NC_063032.1,2674286,47,30,99,46.3,29.7,98.1
34685007,NC_063032.1,2674287,47,30,99,46.4,30.0,98.2
34685008,NC_063032.1,2674288,46,30,99,46.4,30.2,98.5
34685009,NC_063032.1,2674289,46,30,99,46.4,30.3,98.6
34685010,NC_063032.1,2674290,46,30,99,46.3,30.5,98.7
34685011,NC_063032.1,2674291,46,31,99,46.2,30.5,98.7
34685012,NC_063032.1,2674292,46,31,99,46.1,30.5,98.7
34685013,NC_063032.1,2674293,46,31,98,46.0,30.6,98.6
34685014,NC_063032.1,2674294,46,32,98,45.9,30.8,98.5
34685015,NC_063032.1,2674295,46,30,98,45.8,30.9,98.4
34685016,NC_063032.1,2674296,46,30,99,45.7,31.1,98.3
34685017,NC_063032.1,2674297,46,31,98,45.7,31.1,98.2
34685018,NC_063032.1,2674298,45,32,98,45.7,31.2,98.1
34685019,NC_063032.1,2674299,45,31,98,45.7,31.3,98.1
34685020,NC_063032.1,2674300,45,32,98,45.7,31.2,98.1
34685021,NC_063032.1,2674301,46,31,98,45.8,31.3,98.1
34685022,NC_063032.1,2674302,46,32,98,45.8,31.4,98.0
34685023,NC_063032.1,2674303,46,32,98,45.7,31.4,97.9
34685024,NC_063032.1,2674304,46,31,98,45.8,31.2,97.7
34685025,NC_063032.1,2674305,47,31,98,45.9,31.1,97.4
34685026,NC_063032.1,2674306,46,31,98,46.0,30.8,97.2
34685027,NC_063032.1,2674307,45,31,97,46.0,30.7,96.7
34685028,NC_063032.1,2674308,46,30,96,45.8,30.5,96.3
34685029,NC_063032.1,2674309,46,30,95,45.7,30.3,96.2
34685030,NC_063032.1,2674310,46,29,96,45.6,30.2,95.6
34685031,NC_063032.1,2674311,46,30,93,45.6,30.1,95.4
34685032,NC_063032.1,2674312,44,30,94,45.7,30.0,95.3
34685033,NC_063032.1,2674313,45,30,97,45.9,29.9,95.3
34685034,NC_063032.1,2674314,45,30,92,45.9,30.0,95.4
34685035,NC_063032.1,2674315,47,30,96,45.9,30.1,95.3
34685036,NC_063032.1,2674316,47,30,97,45.9,30.3,95.0
34685037,NC_063032.1,2674317,47,30,97,46.0,30.3,95.0
34685038,NC_063032.1,2674318,46,31,97,46.2,30.3,94.7
34685039,NC_063032.1,2674319,46,31,94,46.3,30.2,94.3
34685040,NC_063032.1,2674320,46,31,93,46.4,30.1,94.4
34685041,NC_063032.1,2674321,47,30,93,46.3,30.1,94.1
34685042,NC_063032.1,2674322,46,30,91,46.3,30.1,93.6
34685043,NC_063032.1,2674323,46,29,93,46.3,30.1,93.0
34685044,NC_063032.1,2674324,46,29,93,46.4,30.0,92.4
34685045,NC_063032.1,2674325,46,30,93,46.4,29.9,92.3
34685046,NC_063032.1,2674326,47,30,92,46.3,29.8,92.3
34685047,NC_063032.1,2674327,47,30,91,46.1,29.8,92.0
34685048,NC_063032.1,2674328,47,30,91,46.1,29.8,92.1
34685049,NC_063032.1,2674329,46,30,93,45.9,30.0,92.1
34685050,NC_063032.1,2674330,45,30,93,45.5,30.1,91.8
34685051,NC_063032.1,2674331,45,30,90,45.1,30.0,91.4
34685052,NC_063032.1,2674332,46,30,92,44.4,29.9,91.3
34685053,NC_063032.1,2674333,44,31,93,44.0,29.8,91.6
34685054,NC_063032.1,2674334,42,30,90,43.6,29.6,91.9
34685055,NC_063032.1,2674335,42,29,89,43.3,29.5,92.0
34685056,NC_063032.1,2674336,40,29,91,43.1,29.4,92.2
34685057,NC_063032.1,2674337,43,29,94,42.9,29.0,92.7
34685058,NC_063032.1,2674338,43,28,94,42.6,28.8,92.8
34685059,NC_063032.1,2674339,43,29,94,42.5,28.5,92.9
34685060,NC_063032.1,2674340,43,29,95,42.6,28.3,93.0
34685061,NC_063032.1,2674341,43,26,95,42.7,28.3,93.3
34685062,NC_063032.1,2674342,43,28,93,43.0,28.3,93.5
34685063,NC_063032.1,2674343,43,28,94,43.0,28.3,93.3
34685064,NC_063032.1,2674344,43,28,91,42.9,28.3,93.1
34685065,NC_063032.1,2674345,43,29,92,42.7,28.3,92.7
34685066,NC_063032.1,2674346,43,29,93,42.5,28.3,92.2
34685067,NC_063032.1,2674347,43,29,92,42.3,28.7,91.4
34685068,NC_063032.1,2674348,42,28,92,42.1,29.0,91.5
34685069,NC_063032.1,2674349,41,29,90,42.0,29.3,91.5
34685070,NC_063032.1,2674350,41,29,90,41.9,29.6,91.6
34685071,NC_063032.1,2674351,41,30,87,41.7,29.8,91.8
34685072,NC_063032.1,2674352,41,31,94,41.5,30.0,91.9
34685073,NC_063032.1,2674353,42,31,94,41.3,30.2,92.1
34685074,NC_063032.1,2674354,42,31,92,41.1,30.5,92.3
34685075,NC_063032.1,2674355,41,31,94,41.2,30.7,92.5
34685076,NC_063032.1,2674356,41,31,94,41.2,30.8,92.5
34685077,NC_063032.1,2674357,41,31,94,41.2,30.8,93.0
34685078,NC_063032.1,2674358,40,31,94,41.3,30.7,92.7
34685079,NC_063032.1,2674359,42,31,92,41.2,30.5,91.5
34685080,NC_063032.1,2674360,41,30,90,40.8,30.2,90.9
34685081,NC_063032.1,2674361,41,30,92,40.4,29.9,90.5
34685082,NC_063032.1,2674362,42,30,91,40.0,29.6,90.2
34685083,NC_063032.1,2674363,41,29,82,40.0,29.3,89.9
34685084,NC_063032.1,2674364,38,28,86,40.1,29.0,89.7
34685085,NC_063032.1,2674365,37,28,90,40.0,28.7,89.7
34685086,NC_063032.1,2674366,37,28,91,40.0,28.7,89.8
34685087,NC_063032.1,2674367,41,28,91,40.0,28.5,89.7
34685088,NC_063032.1,2674368,41,28,92,39.8,28.4,89.6
34685089,NC_063032.1,2674369,41,28,92,39.7,28.4,90.5
34685090,NC_063032.1,2674370,41,30,91,39.8,28.4,91.0
34685091,NC_063032.1,2674371,41,28,91,40.1,28.5,91.1
34685092,NC_063032.1,2674372,40,29,90,40.4,28.4,90.5
34685093,NC_063032.1,2674373,40,29,91,40.3,28.3,90.0
34685094,NC_063032.1,2674374,39,28,91,40.2,28.4,89.4
34685095,NC_063032.1,2674375,40,29,91,39.9,28.5,88.5
34685096,NC_063032.1,2674376,40,27,85,39.8,28.4,88.1
34685097,NC_063032.1,2674377,40,27,86,39.6,28.5,87.7
34685098,NC_063032.1,2674378,40,29,86,39.3,28.4,87.0
34685099,NC_063032.1,2674379,38,29,83,39.3,28.4,86.5
34685100,NC_063032.1,2674380,40,29,87,39.2,28.4,86.1
34685101,NC_063032.1,2674381,39,29,87,38.9,28.3,85.7
34685102,NC_063032.1,2674382,37,28,83,38.7,28.4,85.9
34685103,NC_063032.1,2674383,40,29,86,38.4,28.4,85.9
34685104,NC_063032.1,2674384,38,28,87,38.2,28.3,85.8
34685105,NC_063032.1,2674385,37,28,87,38.1,28.1,85.8
34685106,NC_063032.1,2674386,38,28,87,37.8,28.0,85.5
34685107,NC_063032.1,2674387,37,27,86,37.6,27.9,85.2
34685108,NC_063032.1,2674388,38,28,85,37.7,27.9,85.3
34685109,NC_063032.1,2674389,37,27,83,36.6,27.7,84.6
34685110,NC_063032.1,2674390,37,28,84,36.6,27.7,84.5
34685111,NC_063032.1,2674391,37,28,84,36.7,27.7,84.5
34685112,NC_063032.1,2674392,38,28,84,36.7,27.7,84.5
34685113,NC_063032.1,2674393,29,27,79,36.8,27.8,84.6
34685114,NC_063032.1,2674394,38,28,86,36.8,27.8,84.8
34685115,NC_063032.1,2674395,38,28,87,36.9,27.9,85.3
34685116,NC_063032.1,2674396,38,28,87,36.8,27.8,85.5
34685117,NC_063032.1,2674397,38,28,87,36.8,27.8,85.8
34685118,NC_063032.1,2674398,38,28,87,36.7,27.8,86.1
34685119,NC_063032.1,2674399,38,28,88,37.5,27.9,87.0
34685120,NC_063032.1,2674400,36,27,86,37.4,27.8,87.2
34685121,NC_063032.1,2674401,37,28,87,37.3,27.8,87.3
34685122,NC_063032.1,2674402,37,28,87,37.1,27.6,87.2
34685123,NC_063032.1,2674403,37,28,88,37.0,27.5,87.1
34685124,NC_063032.1,2674404,37,27,88,36.8,27.5,87.0
34685125,NC_063032.1,2674405,37,28,88,36.5,27.4,86.3
34685126,NC_063032.1,2674406,36,26,86,36.6,27.5,86.2
34685127,NC_063032.1,2674407,37,27,86,36.5,27.5,86.0
34685128,NC_063032.1,2674408,36,28,86,36.3,27.5,85.8
34685129,NC_063032.1,2674409,35,27,81,36.1,27.5,85.4
34685130,NC_063032.1,2674410,37,28,85,35.9,27.6,85.0
34685131,NC_063032.1,2674411,36,28,85,35.7,27.5,84.8
34685132,NC_063032.1,2674412,35,28,85,35.6,27.4,84.7
34685133,NC_063032.1,2674413,35,28,84,35.4,27.5,84.6
34685134,NC_063032.1,2674414,35,28,84,35.3,27.5,84.4
34685135,NC_063032.1,2674415,35,27,86,35.3,27.6,84.9
34685136,NC_063032.1,2674416,35,25,85,35.1,27.6,85.0
34685137,NC_063032.1,2674417,35,28,85,35.0,27.7,85.0
34685138,NC_063032.1,2674418,35,28,84,35.0,27.8,85.2
34685139,NC_063032.1,2674419,35,28,86,35.0,27.9,85.6
34685140,NC_063032.1,2674420,35,28,86,35.0,28.0,85.9
34685141,NC_063032.1,2674421,35,29,85,35.0,28.2,86.1
34685142,NC_063032.1,2674422,35,29,87,35.0,28.6,86.5
34685143,NC_063032.1,2674423,35,29,88,34.9,28.6,86.6
34685144,NC_063032.1,2674424,35,29,87,34.8,28.6,86.8
34685145,NC_063032.1,2674425,35,29,88,34.7,28.8,86.9
34685146,NC_063032.1,2674426,35,29,89,34.6,29.0,86.8
34685147,NC_063032.1,2674427,34,28,86,34.6,29.1,86.7
34685148,NC_063032.1,2674428,34,28,86,34.6,29.2,86.5
34685149,NC_063032.1,2674429,34,30,87,34.6,29.3,86.2
34685150,NC_063032.1,2674430,34,30,85,34.6,29.4,85.8
34685151,NC_063032.1,2674431,35,30,84,34.6,29.5,85.8
34685152,NC_063032.1,2674432,35,30,85,34.5,29.5,85.0
34685153,NC_063032.1,2674433,35,30,85,34.5,29.4,84.1
34685154,NC_063032.1,2674434,35,30,83,34.6,29.4,83.6
34685155,NC_063032.1,2674435,35,30,88,34.7,29.3,83.3
34685156,NC_063032.1,2674436,34,29,81,34.8,29.2,83.1
34685157,NC_063032.1,2674437,34,27,77,34.6,29.2,82.9
34685158,NC_063032.1,2674438,35,28,81,34.4,29.2,82.6
34685159,NC_063032.1,2674439,35,29,84,34.3,29.0,82.2
34685160,NC_063032.1,2674440,35,29,83,34.1,28.9,81.7
34685161,NC_063032.1,2674441,33,30,82,34.1,28.7,81.2
34685162,NC_063032.1,2674442,33,30,82,34.3,28.6,81.4
34685163,NC_063032.1,2674443,34,28,81,34.6,28.7,82.1
34685164,NC_063032.1,2674444,33,29,78,34.8,28.7,82.2
34685165,NC_063032.1,2674445,35,28,83,35.0,28.6,81.9
34685166,NC_063032.1,2674446,36,28,83,35.2,28.6,81.9
34685167,NC_063032.1,2674447,37,28,84,35.6,28.4,82.1
34685168,NC_063032.1,2674448,37,28,82,36.1,28.3,82.2
34685169,NC_063032.1,2674449,37,28,81,36.5,28.4,82.6
34685170,NC_063032.1,2674450,37,29,83,37.0,28.3,83.4
34685171,NC_063032.1,2674451,37,28,84,37.3,28.2,83.8
34685172,NC_063032.1,2674452,38,29,83,37.5,28.3,84.2
34685173,NC_063032.1,2674453,38,29,85,37.6,28.5,84.4
34685174,NC_063032.1,2674454,38,28,86,37.6,28.6,84.7
34685175,NC_063032.1,2674455,38,27,87,37.6,28.7,85.0
34685176,NC_063032.1,2674456,38,29,87,37.7,28.6,85.2
34685177,NC_063032.1,2674457,38,30,86,37.8,28.6,85.2
34685178,NC_063032.1,2674458,37,29,85,37.7,28.5,85.5
34685179,NC_063032.1,2674459,37,29,84,37.6,28.3,85.4
34685180,NC_063032.1,2674460,38,28,85,37.6,28.3,85.4
34685181,NC_063032.1,2674461,38,28,84,37.6,28.5,85.3
34685182,NC_063032.1,2674462,37,28,86,37.6,28.5,85.0
34685183,NC_063032.1,2674463,37,27,84,37.7,28.5,84.9
34685184,NC_063032.1,2674464,38,28,86,37.9,28.6,84.9
34685185,NC_063032.1,2674465,38,29,86,38.1,28.7,84.7
34685186,NC_063032.1,2674466,38,29,84,38.2,28.8,84.7
34685187,NC_063032.1,2674467,39,30,85,38.3,28.9,84.8
34685188,NC_063032.1,2674468,39,30,85,38.5,29.0,84.7
34685189,NC_063032.1,2674469,39,30,82,38.7,29.2,84.8
34685190,NC_063032.1,2674470,39,29,85,38.7,29.3,84.4
34685191,NC_063032.1,2674471,39,29,85,38.7,29.3,84.0
34685192,NC_063032.1,2674472,39,29,85,38.7,29.3,83.7
34685193,NC_063032.1,2674473,39,29,85,38.6,29.1,83.6
34685194,NC_063032.1,2674474,38,29,82,38.5,29.0,83.1
34685195,NC_063032.1,2674475,38,29,82,38.3,28.8,83.0
34685196,NC_063032.1,2674476,38,29,81,38.2,28.5,83.0
34685197,NC_063032.1,2674477,38,28,84,38.0,28.3,82.6
34685198,NC_063032.1,2674478,38,29,80,37.9,28.1,82.3
34685199,NC_063032.1,2674479,37,28,81,37.7,27.9,82.0
34685200,NC_063032.1,2674480,38,26,85,37.6,27.7,82.0
34685201,NC_063032.1,2674481,37,27,81,37.5,27.5,82.2
34685202,NC_063032.1,2674482,38,27,82,37.5,27.3,82.6
34685203,NC_063032.1,2674483,37,27,82,37.1,27.3,81.9
34685204,NC_063032.1,2674484,37,27,82,37.1,27.0,82.5
34685205,NC_063032.1,2674485,37,27,84,37.2,26.8,83.0
34685206,NC_063032.1,2674486,38,27,85,37.2,26.7,83.0
34685207,NC_063032.1,2674487,34,28,77,37.2,26.5,83.5
34685208,NC_063032.1,2674488,38,26,86,37.1,26.3,83.9
34685209,NC_063032.1,2674489,38,26,86,37.2,26.2,83.9
34685210,NC_063032.1,2674490,38,25,85,37.2,26.0,83.9
34685211,NC_063032.1,2674491,37,25,86,37.2,25.9,83.8
34685212,NC_063032.1,2674492,37,25,86,37.1,25.8,83.6
34685213,NC_063032.1,2674493,38,26,82,37.5,25.6,84.3
34685214,NC_063032.1,2674494,37,25,82,37.6,25.6,84.1
34685215,NC_063032.1,2674495,37,26,83,37.7,25.5,83.7
34685216,NC_063032.1,2674496,37,26,83,37.7,25.4,82.4
34685217,NC_063032.1,2674497,38,26,84,37.9,25.4,81.6
34685218,NC_063032.1,2674498,39,26,84,38.1,25.4,81.3
34685219,NC_063032.1,2674499,39,25,82,38.2,25.3,81.4
34685220,NC_063032.1,2674500,38,24,72,38.2,25.2,80.6
34685221,NC_063032.1,2674501,39,25,78,38.4,25.1,80.6
34685222,NC_063032.1,2674502,39,25,83,38.5,25.1,80.7
34685223,NC_063032.1,2674503,39,25,83,38.5,25.1,80.7
34685224,NC_063032.1,2674504,37,24,74,38.4,25.1,80.9
34685225,NC_063032.1,2674505,39,25,83,38.3,25.2,81.2
34685226,NC_063032.1,2674506,38,26,84,38.3,25.5,82.6
34685227,NC_063032.1,2674507,38,26,84,38.0,25.6,82.7
34685228,NC_063032.1,2674508,38,26,86,37.8,25.8,82.6
34685229,NC_063032.1,2674509,38,26,85,37.7,25.9,83.1
34685230,NC_063032.1,2674510,38,27,86,37.8,26.1,84.4
34685231,NC_063032.1,2674511,36,26,79,37.8,26.3,85.1
34685232,NC_063032.1,2674512,37,27,82,37.9,26.4,85.7
34685233,NC_063032.1,2674513,38,26,88,37.9,26.5,86.3
34685234,NC_063032.1,2674514,38,26,87,38.0,26.6,86.7
34685235,NC_063032.1,2674515,39,27,90,38.2,26.7,87.2
34685236,NC_063032.1,2674516,39,27,90,38.3,26.7,87.2
34685237,NC_063032.1,2674517,38,27,90,38.7,26.8,88.4
34685238,NC_063032.1,2674518,39,27,90,39.0,26.8,89.1
34685239,NC_063032.1,2674519,40,27,90,39.2,26.9,89.2
34685240,NC_063032.1,2674520,39,27,86,39.4,27.0,89.4
34685241,NC_063032.1,2674521,40,27,91,39.5,27.0,89.1
34685242,NC_063032.1,2674522,40,27,89,39.6,26.9,88.5
34685243,NC_063032.1,2674523,40,27,89,39.6,26.5,88.0
34685244,NC_063032.1,2674524,40,27,89,39.7,26.4,87.8
34685245,NC_063032.1,2674525,40,27,87,39.7,26.3,87.6
34685246,NC_063032.1,2674526,40,26,84,39.8,26.2,88.1
34685247,NC_063032.1,2674527,38,23,85,39.7,26.1,88.2
34685248,NC_063032.1,2674528,40,26,88,39.6,26.1,88.5
34685249,NC_063032.1,2674529,40,26,88,39.6,26.2,88.9
34685250,NC_063032.1,2674530,40,26,91,39.0,26.0,87.6
34685251,NC_063032.1,2674531,39,26,92,39.1,26.1,88.1
34685252,NC_063032.1,2674532,39,27,92,39.2,26.3,89.1
34685253,NC_063032.1,2674533,40,28,93,39.6,26.8,90.0
34685254,NC_063032.1,2674534,34,25,76,39.6,27.1,90.3
34685255,NC_063032.1,2674535,41,28,92,39.0,27.2,89.1
34685256,NC_063032.1,2674536,41,28,94,39.2,27.5,88.8
34685257,NC_063032.1,2674537,42,28,94,39.5,27.8,88.5
34685258,NC_063032.1,2674538,40,29,91,39.7,28.0,87.9
34685259,NC_063032.1,2674539,34,27,76,39.2,28.0,86.7
34685260,NC_063032.1,2674540,42,29,88,39.9,28.3,87.9
34685261,NC_063032.1,2674541,42,29,89,39.9,28.6,88.0
34685262,NC_063032.1,2674542,41,29,86,39.9,28.9,88.0
34685263,NC_063032.1,2674543,35,28,81,39.9,29.2,88.1
34685264,NC_063032.1,2674544,41,28,88,40.1,29.4,88.4
34685265,NC_063032.1,2674545,41,31,93,40.9,29.8,90.2
34685266,NC_063032.1,2674546,41,31,94,40.9,30.0,90.9
34685267,NC_063032.1,2674547,42,31,95,40.9,30.2,91.5
34685268,NC_063032.1,2674548,42,31,94,41.0,30.4,92.2
34685269,NC_063032.1,2674549,42,31,94,41.7,30.8,93.3
34685270,NC_063032.1,2674550,42,31,95,41.9,31.2,93.6
34685271,NC_063032.1,2674551,42,31,95,42.1,31.3,93.9
34685272,NC_063032.1,2674552,42,31,93,42.3,31.4,94.1
34685273,NC_063032.1,2674553,42,32,92,42.4,31.5,94.1
34685274,NC_063032.1,2674554,43,32,91,42.5,31.6,94.2
34685275,NC_063032.1,2674555,43,32,96,42.7,31.7,94.3
34685276,NC_063032.1,2674556,43,32,96,42.9,31.7,94.3
34685277,NC_063032.1,2674557,43,32,95,43.1,31.7,93.8
34685278,NC_063032.1,2674558,43,32,95,43.2,31.7,93.5
34685279,NC_063032.1,2674559,44,32,95,43.3,31.5,93.6
34685280,NC_063032.1,2674560,44,31,95,43.2,31.4,93.4
34685281,NC_063032.1,2674561,44,31,90,43.1,31.3,92.7
34685282,NC_063032.1,2674562,43,31,90,43.2,31.2,92.4
34685283,NC_063032.1,2674563,43,30,93,43.2,31.3,92.0
34685284,NC_063032.1,2674564,42,31,89,43.3,31.4,91.6
34685285,NC_063032.1,2674565,42,31,89,43.3,31.5,91.1
34685286,NC_063032.1,2674566,44,31,93,43.2,31.7,90.2
34685287,NC_063032.1,2674567,43,33,91,43.1,31.7,89.0
34685288,NC_063032.1,2674568,44,33,91,43.2,31.7,88.8
34685289,NC_063032.1,2674569,44,33,90,43.2,31.8,88.3
34685290,NC_063032.1,2674570,43,33,86,43.4,31.8,88.2
34685291,NC_063032.1,2674571,43,31,78,43.5,31.8,88.1
34685292,NC_063032.1,2674572,44,31,88,43.4,31.8,87.7
34685293,NC_063032.1,2674573,43,31,88,43.2,31.6,87.5
34685294,NC_063032.1,2674574,44,31,88,43.0,31.5,87.4
34685295,NC_063032.1,2674575,43,31,88,42.8,31.4,87.4
34685296,NC_063032.1,2674576,43,31,89,42.6,31.3,87.7
34685297,NC_063032.1,2674577,41,31,89,42.5,31.4,88.7
34685298,NC_063032.1,2674578,42,32,90,42.1,31.4,88.7
34685299,NC_063032.1,2674579,42,32,90,41.9,31.4,88.6
34685300,NC_063032.1,2674580,41,32,89,41.6,31.4,88.5
34685301,NC_063032.1,2674581,42,32,88,41.4,31.5,88.5
34685302,NC_063032.1,2674582,40,31,88,41.2,31.6,88.4
34685303,NC_063032.1,2674583,41,31,87,41.1,31.6,88.1
34685304,NC_063032.1,2674584,41,31,87,40.9,31.4,87.9
34685305,NC_063032.1,2674585,41,32,88,40.7,31.2,87.8
34685306,NC_063032.1,2674586,41,32,88,40.7,30.9,88.0
34685307,NC_063032.1,2674587,40,31,86,40.5,30.6,88.3
34685308,NC_063032.1,2674588,40,30,88,40.6,30.3,88.7
34685309,NC_063032.1,2674589,40,30,89,40.6,30.2,89.2
34685310,NC_063032.1,2674590,41,29,91,40.7,30.0,89.5
34685311,NC_063032.1,2674591,40,29,91,40.8,29.7,89.9
34685312,NC_063032.1,2674592,41,28,92,40.9,29.4,90.1
34685313,NC_063032.1,2674593,41,30,92,41.1,29.2,90.6
34685314,NC_063032.1,2674594,42,29,90,41.2,29.0,90.6
34685315,NC_063032.1,2674595,42,29,92,41.3,28.9,90.8
34685316,NC_063032.1,2674596,42,29,90,41.3,28.9,90.9
34685317,NC_063032.1,2674597,42,29,91,41.4,28.9,91.1
34685318,NC_063032.1,2674598,41,28,88,41.5,29.0,90.9
34685319,NC_063032.1,2674599,41,29,91,41.6,28.8,90.3
34685320,NC_063032.1,2674600,41,29,92,41.6,28.7,90.2
34685321,NC_063032.1,2674601,41,29,93,41.6,28.6,90.1
34685322,NC_063032.1,2674602,42,29,90,41.6,28.7,90.5
34685323,NC_063032.1,2674603,42,28,86,41.6,28.9,90.9
34685324,NC_063032.1,2674604,42,28,89,41.7,29.2,91.5
34685325,NC_063032.1,2674605,42,28,91,41.8,29.4,91.8
34685326,NC_063032.1,2674606,42,30,94,42.0,29.6,92.0
34685327,NC_063032.1,2674607,42,31,95,42.2,29.8,92.1
34685328,NC_063032.1,2674608,42,31,94,42.3,30.0,92.3
34685329,NC_063032.1,2674609,42,31,94,42.3,30.3,92.8
34685330,NC_063032.1,2674610,43,31,94,42.4,30.6,93.3
34685331,NC_063032.1,2674611,43,31,94,42.4,30.9,93.6
34685332,NC_063032.1,2674612,43,31,92,42.4,31.0,93.3
34685333,NC_063032.1,2674613,42,31,91,42.3,31.0,93.0
34685334,NC_063032.1,2674614,43,31,94,42.2,30.9,92.6
34685335,NC_063032.1,2674615,42,31,94,42.1,30.9,92.6
34685336,NC_063032.1,2674616,42,31,91,42.0,30.9,92.7
34685337,NC_063032.1,2674617,41,31,92,41.9,30.9,92.8
34685338,NC_063032.1,2674618,41,30,90,41.6,30.8,92.6
34685339,NC_063032.1,2674619,41,31,94,41.3,30.7,92.7
34685340,NC_063032.1,2674620,42,31,95,40.9,30.6,92.7
34685341,NC_063032.1,2674621,42,31,95,40.4,30.4,92.9
34685342,NC_063032.1,2674622,40,30,90,40.0,30.2,93.2
34685343,NC_063032.1,2674623,39,30,92,39.9,30.1,93.7
34685344,NC_063032.1,2674624,39,30,94,39.8,30.1,94.3
34685345,NC_063032.1,2674625,37,29,96,39.7,30.0,94.5
34685346,NC_063032.1,2674626,38,29,94,39.5,29.9,94.6
34685347,NC_063032.1,2674627,40,30,97,39.1,29.7,93.7
34685348,NC_063032.1,2674628,40,30,96,39.0,29.8,94.4
34685349,NC_063032.1,2674629,40,30,96,39.0,29.7,94.9
34685350,NC_063032.1,2674630,40,30,96,39.0,29.8,95.4
34685351,NC_063032.1,2674631,38,29,86,39.3,30.0,95.7
34685352,NC_063032.1,2674632,39,31,97,39.5,30.2,96.1
34685353,NC_063032.1,2674633,39,29,97,39.4,30.3,96.0
34685354,NC_063032.1,2674634,39,31,99,39.4,30.5,96.0
34685355,NC_063032.1,2674635,40,31,99,39.4,30.7,96.2
34685356,NC_063032.1,2674636,40,31,98,39.4,30.9,96.4
34685357,NC_063032.1,2674637,39,31,96,39.6,31.2,97.6
34685358,NC_063032.1,2674638,40,32,96,39.7,31.3,97.7
34685359,NC_063032.1,2674639,40,32,98,39.8,31.6,97.6
34685360,NC_063032.1,2674640,40,32,98,39.8,31.7,97.3
34685361,NC_063032.1,2674641,40,32,98,39.7,31.8,97.0
34685362,NC_063032.1,2674642,40,32,98,39.5,31.9,96.9
34685363,NC_063032.1,2674643,40,32,96,39.4,32.0,97.0
34685364,NC_063032.1,2674644,39,32,96,39.2,32.0,97.1
34685365,NC_063032.1,2674645,39,32,96,39.0,32.0,96.9
34685366,NC_063032.1,2674646,38,32,97,38.9,32.0,96.7
34685367,NC_063032.1,2674647,38,32,97,38.7,32.0,96.4
34685368,NC_063032.1,2674648,38,32,97,38.5,31.9,96.2
34685369,NC_063032.1,2674649,38,32,96,38.3,31.8,96.3
34685370,NC_063032.1,2674650,39,32,96,38.2,31.7,95.8
34685371,NC_063032.1,2674651,38,32,95,38.2,31.6,95.8
34685372,NC_063032.1,2674652,38,31,96,38.3,31.5,95.8
34685373,NC_063032.1,2674653,38,31,97,38.2,31.4,95.7
34685374,NC_063032.1,2674654,38,31,91,38.2,31.3,95.6
34685375,NC_063032.1,2674655,39,31,96,38.2,31.2,95.6
34685376,NC_063032.1,2674656,39,31,97,38.1,31.0,95.7
34685377,NC_063032.1,2674657,37,31,96,38.1,30.8,95.9
34685378,NC_063032.1,2674658,38,31,96,38.2,30.7,95.9
34685379,NC_063032.1,2674659,38,31,96,38.3,30.6,95.8
34685380,NC_063032.1,2674660,38,30,97,38.3,30.4,96.3
34685381,NC_063032.1,2674661,38,30,97,38.2,30.0,95.7
34685382,NC_063032.1,2674662,39,30,96,38.0,29.7,95.6
34685383,NC_063032.1,2674663,39,30,96,37.9,29.4,95.5
34685384,NC_063032.1,2674664,38,29,96,37.6,29.0,95.5
34685385,NC_063032.1,2674665,38,27,90,37.1,28.4,94.9
34685386,NC_063032.1,2674666,37,28,96,36.9,28.1,94.9
34685387,NC_063032.1,2674667,36,28,95,36.7,27.9,94.9
34685388,NC_063032.1,2674668,35,27,96,36.4,27.7,95.0
34685389,NC_063032.1,2674669,33,25,90,36.1,27.5,95.1
34685390,NC_063032.1,2674670,36,27,97,35.9,27.4,95.1
34685391,NC_063032.1,2674671,36,28,97,35.7,27.5,95.6
34685392,NC_063032.1,2674672,36,28,97,35.6,27.5,95.4
34685393,NC_063032.1,2674673,36,28,97,35.4,27.4,95.5
34685394,NC_063032.1,2674674,36,28,96,35.4,27.5,95.3
34685395,NC_063032.1,2674675,36,28,95,35.6,27.7,95.8
34685396,NC_063032.1,2674676,36,28,94,35.5,27.6,94.9
34685397,NC_063032.1,2674677,34,27,96,35.5,27.5,94.4
34685398,NC_063032.1,2674678,35,28,94,35.5,27.5,94.1
34685399,NC_063032.1,2674679,35,27,95,35.6,27.6,93.8
34685400,NC_063032.1,2674680,35,26,88,35.7,27.7,93.6
34685401,NC_063032.1,2674681,36,27,92,35.8,27.8,93.6
34685402,NC_063032.1,2674682,36,28,94,35.9,28.0,93.6
34685403,NC_063032.1,2674683,37,29,94,36.1,28.4,93.3
34685404,NC_063032.1,2674684,37,29,94,36.1,28.7,93.3
34685405,NC_063032.1,2674685,37,29,95,36.1,29.1,93.2
34685406,NC_063032.1,2674686,37,30,94,36.2,29.6,94.1
34685407,NC_063032.1,2674687,36,31,93,36.2,30.0,94.6
34685408,NC_063032.1,2674688,35,31,94,36.2,30.2,94.8
34685409,NC_063032.1,2674689,35,31,94,36.1,30.5,95.1
34685410,NC_063032.1,2674690,36,31,97,36.0,30.8,95.3
34685411,NC_063032.1,2674691,36,31,97,35.9,31.1,95.4
34685412,NC_063032.1,2674692,36,30,96,35.9,31.3,95.8
34685413,NC_063032.1,2674693,36,32,97,36.0,31.4,96.3
34685414,NC_063032.1,2674694,36,32,96,36.0,31.5,96.5
34685415,NC_063032.1,2674695,36,32,96,36.1,31.5,96.9
34685416,NC_063032.1,2674696,37,32,98,36.2,31.3,96.7
34685417,NC_063032.1,2674697,37,32,98,36.3,31.1,96.4
34685418,NC_063032.1,2674698,35,32,96,36.2,31.3,96.6
34685419,NC_063032.1,2674699,36,31,98,36.0,31.3,96.5
34685420,NC_063032.1,2674700,37,29,95,36.1,31.3,96.7
34685421,NC_063032.1,2674701,37,29,94,36.2,31.3,96.9
34685422,NC_063032.1,2674702,35,32,98,36.1,31.3,96.9
34685423,NC_063032.1,2674703,34,32,96,36.1,31.3,97.0
34685424,NC_063032.1,2674704,37,32,98,36.3,31.3,97.3
34685425,NC_063032.1,2674705,37,32,98,36.4,31.4,97.4
34685426,NC_063032.1,2674706,36,32,98,36.4,31.8,97.9
34685427,NC_063032.1,2674707,37,32,99,36.5,32.2,98.5
34685428,NC_063032.1,2674708,37,32,99,36.8,32.3,98.6
34685429,NC_063032.1,2674709,37,32,99,37.3,32.3,99.0
34685430,NC_063032.1,2674710,37,33,100,37.5,32.3,99.2
34685431,NC_063032.1,2674711,38,33,100,37.7,32.3,99.4
34685432,NC_063032.1,2674712,38,33,99,38.0,32.3,99.6
34685433,NC_063032.1,2674713,39,32,100,38.2,32.3,99.6
34685434,NC_063032.1,2674714,39,32,100,38.4,32.2,99.6
34685435,NC_063032.1,2674715,39,32,100,38.6,32.0,99.5
34685436,NC_063032.1,2674716,39,32,100,38.8,31.8,99.4
34685437,NC_063032.1,2674717,39,32,99,38.9,31.6,99.4
34685438,NC_063032.1,2674718,39,31,99,39.0,31.4,99.5
34685439,NC_063032.1,2674719,39,30,98,39.1,31.3,99.5
34685440,NC_063032.1,2674720,39,31,99,39.2,31.2,99.6
34685441,NC_063032.1,2674721,39,31,100,39.3,31.2,99.7
34685442,NC_063032.1,2674722,39,31,100,39.4,31.2,99.8
34685443,NC_063032.1,2674723,40,31,100,39.5,31.3,100.1
34685444,NC_063032.1,2674724,40,31,101,39.6,31.5,100.3
34685445,NC_063032.1,2674725,40,32,101,39.7,31.7,100.8
34685446,NC_063032.1,2674726,40,32,101,39.7,31.8,100.7
34685447,NC_063032.1,2674727,40,33,102,39.6,31.8,100.5
34685448,NC_063032.1,2674728,40,33,101,39.6,31.8,100.6
34685449,NC_063032.1,2674729,40,32,103,39.4,31.9,100.8
34685450,NC_063032.1,2674730,39,32,98,39.3,32.1,100.9
34685451,NC_063032.1,2674731,38,31,98,39.2,32.1,100.9
34685452,NC_063032.1,2674732,39,31,101,39.1,32.0,101.0
34685453,NC_063032.1,2674733,38,32,102,39.0,31.8,100.9
34685454,NC_063032.1,2674734,39,33,102,38.9,31.6,100.8
34685455,NC_063032.1,2674735,39,32,101,38.8,31.5,100.5
34685456,NC_063032.1,2674736,39,31,102,38.8,31.4,100.8
34685457,NC_063032.1,2674737,39,31,101,38.9,31.4,101.2
34685458,NC_063032.1,2674738,39,31,100,38.9,31.4,101.2
34685459,NC_063032.1,2674739,39,31,100,39.0,31.3,101.2
34685460,NC_063032.1,2674740,39,31,101,39.0,31.1,101.2
34685461,NC_063032.1,2674741,39,31,102,38.9,31.0,101.2
34685462,NC_063032.1,2674742,39,31,101,38.8,31.0,101.1
34685463,NC_063032.1,2674743,39,31,102,38.8,30.9,101.1
34685464,NC_063032.1,2674744,39,31,102,38.8,30.9,101.2
34685465,NC_063032.1,2674745,38,31,101,38.8,30.9,101.4
34685466,NC_063032.1,2674746,38,31,101,38.6,30.9,101.2
34685467,NC_063032.1,2674747,39,30,101,38.5,30.9,101.1
34685468,NC_063032.1,2674748,39,31,101,38.5,30.9,101.1
34685469,NC_063032.1,2674749,39,31,102,38.5,30.9,100.9
34685470,NC_063032.1,2674750,37,31,99,38.5,31.0,100.7
34685471,NC_063032.1,2674751,38,31,101,38.6,30.9,100.4
34685472,NC_063032.1,2674752,39,31,101,38.7,30.8,100.1
34685473,NC_063032.1,2674753,39,31,100,38.6,31.0,99.8
34685474,NC_063032.1,2674754,39,32,100,38.4,31.1,99.6
34685475,NC_063032.1,2674755,39,30,98,38.2,31.0,99.4
34685476,NC_063032.1,2674756,39,30,98,38.2,30.9,99.5
34685477,NC_063032.1,2674757,38,32,98,38.1,30.9,99.5
34685478,NC_063032.1,2674758,37,32,99,38.0,30.8,99.2
34685479,NC_063032.1,2674759,37,30,100,37.9,30.7,99.1
34685480,NC_063032.1,2674760,37,30,100,37.9,30.6,99.1
34685481,NC_063032.1,2674761,37,31,101,37.8,30.7,99.1
34685482,NC_063032.1,2674762,38,30,98,37.8,30.8,99.3
34685483,NC_063032.1,2674763,38,30,99,37.9,30.7,99.4
34685484,NC_063032.1,2674764,39,31,100,38.1,30.6,99.5
34685485,NC_063032.1,2674765,38,31,98,38.2,30.7,99.5
34685486,NC_063032.1,2674766,39,31,100,38.2,30.8,99.5
34685487,NC_063032.1,2674767,39,31,99,38.3,30.9,99.7
34685488,NC_063032.1,2674768,39,31,100,38.3,31.1,100.1
34685489,NC_063032.1,2674769,38,31,100,38.3,31.3,100.4
34685490,NC_063032.1,2674770,37,31,100,38.2,31.4,100.6
34685491,NC_063032.1,2674771,38,32,103,38.2,31.5,100.8
34685492,NC_063032.1,2674772,38,32,102,38.1,31.6,101.0
34685493,NC_063032.1,2674773,38,32,102,38.0,31.7,101.4
34685494,NC_063032.1,2674774,38,32,102,37.9,31.8,101.7
34685495,NC_063032.1,2674775,38,32,100,37.9,31.9,102.0
34685496,NC_063032.1,2674776,38,32,102,38.0,32.0,102.3
34685497,NC_063032.1,2674777,38,32,103,38.1,31.9,102.4
34685498,NC_063032.1,2674778,38,32,103,38.2,31.8,102.6
34685499,NC_063032.1,2674779,38,32,103,38.2,31.7,102.6
34685500,NC_063032.1,2674780,38,32,103,38.0,31.6,102.7
34685501,NC_063032.1,2674781,39,31,104,37.7,31.5,103.0
34685502,NC_063032.1,2674782,39,31,104,37.4,31.4,103.0
34685503,NC_063032.1,2674783,38,31,102,37.2,31.3,102.9
34685504,NC_063032.1,2674784,36,31,103,37.0,31.2,102.7
34685505,NC_063032.1,2674785,35,31,103,36.8,31.2,102.9
34685506,NC_063032.1,2674786,35,31,102,36.6,31.2,103.1
34685507,NC_063032.1,2674787,36,31,102,36.3,31.3,103.4
34685508,NC_063032.1,2674788,36,31,101,36.0,31.4,103.7
34685509,NC_063032.1,2674789,36,32,105,35.8,31.5,104.1
34685510,NC_063032.1,2674790,36,32,105,35.6,31.5,103.7
34685511,NC_063032.1,2674791,36,32,107,35.7,31.6,104.1
34685512,NC_063032.1,2674792,36,32,107,35.9,31.6,104.6
34685513,NC_063032.1,2674793,36,32,106,36.0,31.7,105.0
34685514,NC_063032.1,2674794,34,31,99,36.1,31.8,105.7
34685515,NC_063032.1,2674795,36,32,107,36.3,31.8,105.8
34685516,NC_063032.1,2674796,37,31,107,36.5,31.8,105.8
34685517,NC_063032.1,2674797,37,32,106,36.7,31.6,105.7
34685518,NC_063032.1,2674798,37,32,108,36.9,31.4,105.6
34685519,NC_063032.1,2674799,38,32,106,37.0,31.1,105.6
34685520,NC_063032.1,2674800,38,32,105,37.4,30.9,106.3
34685521,NC_063032.1,2674801,38,30,106,37.6,30.7,106.2
34685522,NC_063032.1,2674802,38,30,106,37.7,30.6,106.1
34685523,NC_063032.1,2674803,37,29,106,37.8,30.4,106.0
34685524,NC_063032.1,2674804,38,29,106,37.7,30.2,105.5
34685525,NC_063032.1,2674805,38,30,106,37.6,30.0,105.0
34685526,NC_063032.1,2674806,38,30,106,37.5,29.8,104.4
34685527,NC_063032.1,2674807,38,30,105,37.5,29.8,104.1
34685528,NC_063032.1,2674808,36,30,103,37.5,29.7,103.8
34685529,NC_063032.1,2674809,37,30,101,37.6,29.7,103.4
34685530,NC_063032.1,2674810,37,30,99,37.6,29.7,102.9
34685531,NC_063032.1,2674811,38,30,103,37.6,29.6,102.6
34685532,NC_063032.1,2674812,38,29,103,37.6,29.5,102.5
34685533,NC_063032.1,2674813,38,29,102,37.6,29.3,102.4
34685534,NC_063032.1,2674814,38,29,101,37.8,29.2,102.6
34685535,NC_063032.1,2674815,38,29,103,37.9,29.1,103.0
34685536,NC_063032.1,2674816,38,29,105,38.0,29.0,103.6
34685537,NC_063032.1,2674817,38,28,104,38.0,28.9,103.7
34685538,NC_063032.1,2674818,38,29,105,38.0,28.8,103.8
34685539,NC_063032.1,2674819,38,29,105,38.0,28.7,103.8
34685540,NC_063032.1,2674820,38,29,105,38.0,28.5,104.0
34685541,NC_063032.1,2674821,38,29,104,38.0,28.3,104.0
34685542,NC_063032.1,2674822,38,28,104,38.0,28.1,103.3
34685543,NC_063032.1,2674823,38,28,102,38.0,27.8,102.8
34685544,NC_063032.1,2674824,38,27,103,38.0,27.4,102.7
34685545,NC_063032.1,2674825,38,27,103,38.0,27.0,102.6
34685546,NC_063032.1,2674826,38,27,98,37.8,26.6,102.4
34685547,NC_063032.1,2674827,38,25,99,37.7,26.2,102.1
34685548,NC_063032.1,2674828,38,25,104,37.6,25.8,101.7
34685549,NC_063032.1,2674829,38,25,104,37.5,25.5,101.5
34685550,NC_063032.1,2674830,36,25,103,37.4,25.3,101.4
34685551,NC_063032.1,2674831,37,25,101,37.2,25.1,101.3
34685552,NC_063032.1,2674832,37,24,100,37.0,24.9,101.4
34685553,NC_063032.1,2674833,37,25,100,36.9,24.9,101.8
34685554,NC_063032.1,2674834,37,25,102,36.8,24.9,101.7
34685555,NC_063032.1,2674835,36,25,102,36.7,24.8,101.5
34685556,NC_063032.1,2674836,36,25,99,36.8,24.7,101.1
34685557,NC_063032.1,2674837,37,25,103,36.9,24.6,101.3
34685558,NC_063032.1,2674838,37,25,103,36.5,24.6,100.5
34685559,NC_063032.1,2674839,37,24,102,36.8,24.6,100.8
34685560,NC_063032.1,2674840,37,24,99,37.1,24.6,101.0
34685561,NC_063032.1,2674841,38,24,103,37.5,24.6,101.2
34685562,NC_063032.1,2674842,33,24,92,37.8,24.5,101.8
34685563,NC_063032.1,2674843,40,25,103,38.1,24.5,102.0
34685564,NC_063032.1,2674844,40,25,104,38.3,24.5,102.0
34685565,NC_063032.1,2674845,40,25,104,38.6,24.6,102.3
34685566,NC_063032.1,2674846,39,24,105,38.9,24.7,102.9
34685567,NC_063032.1,2674847,40,25,105,39.1,24.8,103.0
34685568,NC_063032.1,2674848,39,25,103,39.8,24.8,104.3
34685569,NC_063032.1,2674849,40,25,105,39.8,24.7,104.6
34685570,NC_063032.1,2674850,40,25,105,39.8,24.6,104.8
34685571,NC_063032.1,2674851,40,25,104,39.8,24.5,104.9
34685572,NC_063032.1,2674852,40,24,105,39.9,24.5,104.8
34685573,NC_063032.1,2674853,40,24,106,39.9,24.4,104.7
34685574,NC_063032.1,2674854,40,24,106,40.0,24.3,105.0
34685575,NC_063032.1,2674855,40,24,105,40.0,24.2,105.1
34685576,NC_063032.1,2674856,40,24,104,40.0,24.1,104.5
34685577,NC_063032.1,2674857,40,24,104,40.1,24.0,104.4
34685578,NC_063032.1,2674858,40,24,106,40.2,24.0,104.4
34685579,NC_063032.1,2674859,40,24,106,40.2,24.0,104.1
34685580,NC_063032.1,2674860,40,24,99,40.1,24.0,103.6
34685581,NC_063032.1,2674861,41,24,103,39.8,23.9,103.3
34685582,NC_063032.1,2674862,41,24,105,39.7,23.9,103.5
34685583,NC_063032.1,2674863,40,24,103,39.5,23.9,103.6
34685584,NC_063032.1,2674864,39,24,101,39.4,23.9,103.6
34685585,NC_063032.1,2674865,37,23,102,39.3,23.9,103.7
34685586,NC_063032.1,2674866,39,24,106,39.2,23.9,104.4
34685587,NC_063032.1,2674867,38,24,105,39.0,23.9,104.8
34685588,NC_063032.1,2674868,39,24,106,38.8,23.9,105.0
34685589,NC_063032.1,2674869,39,24,107,38.7,23.9,105.4
34685590,NC_063032.1,2674870,39,24,106,38.7,23.9,106.0
34685591,NC_063032.1,2674871,39,24,107,38.7,23.9,106.3
34685592,NC_063032.1,2674872,39,24,107,38.7,23.8,106.2
34685593,NC_063032.1,2674873,39,24,107,38.9,23.6,106.2
34685594,NC_063032.1,2674874,39,24,107,39.1,23.2,106.0
34685595,NC_063032.1,2674875,37,23,105,39.3,22.9,105.7
34685596,NC_063032.1,2674876,39,23,105,39.4,22.5,105.1
34685597,NC_063032.1,2674877,40,22,105,39.4,22.1,104.6
34685598,NC_063032.1,2674878,41,20,104,39.5,21.8,104.4
34685599,NC_063032.1,2674879,41,21,104,39.5,21.5,104.2
34685600,NC_063032.1,2674880,40,20,100,39.5,21.2,104.1
34685601,NC_063032.1,2674881,39,20,102,39.6,20.9,104.1
34685602,NC_063032.1,2674882,40,21,105,39.6,20.7,104.1
34685603,NC_063032.1,2674883,39,21,105,39.4,20.6,104.2
34685604,NC_063032.1,2674884,39,21,106,39.1,20.7,104.4
34685605,NC_063032.1,2674885,38,20,105,38.9,20.7,104.4
34685606,NC_063032.1,2674886,39,21,105,38.7,20.8,105.0
34685607,NC_063032.1,2674887,38,21,106,38.5,20.9,105.3
34685608,NC_063032.1,2674888,38,21,106,38.2,20.9,105.1
34685609,NC_063032.1,2674889,39,21,104,38.0,20.9,104.8
34685610,NC_063032.1,2674890,38,21,106,37.8,20.8,104.6
34685611,NC_063032.1,2674891,37,21,105,37.7,20.8,104.3
34685612,NC_063032.1,2674892,37,21,103,37.6,20.7,104.3
34685613,NC_063032.1,2674893,37,21,102,37.6,20.6,104.2
34685614,NC_063032.1,2674894,37,20,104,37.6,20.5,103.9
34685615,NC_063032.1,2674895,37,20,102,37.4,20.4,103.8
34685616,NC_063032.1,2674896,38,20,105,37.2,20.3,103.0
34685617,NC_063032.1,2674897,38,20,105,37.0,20.3,102.8
34685618,NC_063032.1,2674898,38,20,103,37.0,20.3,102.6
34685619,NC_063032.1,2674899,37,20,103,37.0,20.4,102.8
34685620,NC_063032.1,2674900,36,20,98,36.9,20.6,102.2
34685621,NC_063032.1,2674901,35,21,103,36.8,20.8,102.0
34685622,NC_063032.1,2674902,37,21,101,36.6,21.0,101.6
34685623,NC_063032.1,2674903,37,22,104,36.4,21.2,101.2
34685624,NC_063032.1,2674904,36,22,98,36.0,21.3,100.9
34685625,NC_063032.1,2674905,36,22,100,35.8,21.5,100.9
34685626,NC_063032.1,2674906,36,22,101,35.8,21.7,101.4
34685627,NC_063032.1,2674907,36,22,101,35.9,21.8,101.5
34685628,NC_063032.1,2674908,34,21,100,35.8,21.9,101.5
34685629,NC_063032.1,2674909,35,22,103,35.7,21.9,101.4
34685630,NC_063032.1,2674910,36,22,103,35.7,21.9,102.0
34685631,NC_063032.1,2674911,36,22,104,35.7,21.8,102.4
34685632,NC_063032.1,2674912,36,22,101,35.7,21.6,102.5
34685633,NC_063032.1,2674913,36,22,103,35.8,21.5,102.5
34685634,NC_063032.1,2674914,36,22,104,36.1,21.4,102.8
34685635,NC_063032.1,2674915,36,21,104,36.4,21.2,102.7
34685636,NC_063032.1,2674916,36,20,102,36.6,21.0,102.6
34685637,NC_063032.1,2674917,37,21,101,36.8,20.7,102.4
34685638,NC_063032.1,2674918,37,20,103,37.0,20.4,102.5
34685639,NC_063032.1,2674919,38,20,102,37.4,20.1,102.3
34685640,NC_063032.1,2674920,38,20,102,37.6,19.7,100.8
34685641,NC_063032.1,2674921,38,19,102,37.9,19.6,99.7
34685642,NC_063032.1,2674922,38,19,102,38.2,19.6,99.3
34685643,NC_063032.1,2674923,40,19,101,38.4,19.7,99.2
34685644,NC_063032.1,2674924,38,18,89,38.6,20.1,98.6
34685645,NC_063032.1,2674925,39,20,93,38.7,20.5,98.1
34685646,NC_063032.1,2674926,39,20,98,38.8,20.9,97.8
34685647,NC_063032.1,2674927,39,22,100,38.9,21.3,97.0
34685648,NC_063032.1,2674928,39,24,97,38.9,21.7,96.4
34685649,NC_063032.1,2674929,39,24,97,38.7,22.2,96.0
34685650,NC_063032.1,2674930,39,24,99,38.7,22.9,97.1
34685651,NC_063032.1,2674931,39,23,94,38.5,23.4,97.6
34685652,NC_063032.1,2674932,38,23,96,38.3,23.9,97.8
34685653,NC_063032.1,2674933,38,24,97,38.1,24.2,97.7
34685654,NC_063032.1,2674934,38,25,100,38.0,24.3,98.0
34685655,NC_063032.1,2674935,37,25,98,37.8,24.4,98.3
34685656,NC_063032.1,2674936,37,25,100,37.6,24.5,98.2
34685657,NC_063032.1,2674937,37,25,99,37.4,24.7,98.8
34685658,NC_063032.1,2674938,38,25,100,37.2,25.0,99.2
34685659,NC_063032.1,2674939,37,25,100,37.0,25.0,99.4
34685660,NC_063032.1,2674940,37,25,98,36.8,24.9,99.3
34685661,NC_063032.1,2674941,37,25,100,36.7,24.8,99.3
34685662,NC_063032.1,2674942,36,26,100,36.6,24.7,99.0
34685663,NC_063032.1,2674943,36,24,99,36.5,24.6,98.9
34685664,NC_063032.1,2674944,36,24,99,36.3,24.5,98.7
34685665,NC_063032.1,2674945,36,24,98,36.1,24.4,98.4
34685666,NC_063032.1,2674946,36,24,97,35.9,24.3,98.3
34685667,NC_063032.1,2674947,36,24,98,35.7,24.1,97.9
34685668,NC_063032.1,2674948,36,24,98,35.6,23.8,97.5
34685669,NC_063032.1,2674949,35,24,97,35.5,23.6,96.9
34685670,NC_063032.1,2674950,35,24,97,35.4,23.5,96.4
34685671,NC_063032.1,2674951,35,23,96,35.3,23.5,96.0
34685672,NC_063032.1,2674952,35,23,96,35.1,23.5,95.5
34685673,NC_063032.1,2674953,35,22,93,34.8,23.5,97.8
34685674,NC_063032.1,2674954,35,23,94,34.6,23.5,100.3
34685675,NC_063032.1,2674955,35,24,94,34.5,23.5,102.7
34685676,NC_063032.1,2674956,34,24,92,34.4,23.4,105.1
34685677,NC_063032.1,2674957,33,24,121,34.3,23.4,107.4
34685678,NC_063032.1,2674958,34,24,123,34.2,23.5,109.9
34685679,NC_063032.1,2674959,34,24,121,34.1,23.7,109.4
34685680,NC_063032.1,2674960,34,23,121,33.8,23.8,108.7
34685681,NC_063032.1,2674961,34,23,119,33.6,23.7,108.0
34685682,NC_063032.1,2674962,34,24,121,33.7,23.6,107.3
34685683,NC_063032.1,2674963,34,24,88,33.7,23.4,103.6
34685684,NC_063032.1,2674964,32,24,87,33.8,23.3,100.0
34685685,NC_063032.1,2674965,33,23,87,33.9,23.2,96.7
34685686,NC_063032.1,2674966,35,23,85,34.0,23.2,93.3
34685687,NC_063032.1,2674967,33,22,84,34.2,23.1,89.9
34685688,NC_063032.1,2674968,35,23,87,34.4,23.0,86.4
34685689,NC_063032.1,2674969,35,23,88,34.6,22.9,86.0
34685690,NC_063032.1,2674970,35,23,87,35.1,22.8,85.8
34685691,NC_063032.1,2674971,36,22,85,35.5,22.8,85.8
34685692,NC_063032.1,2674972,36,23,86,35.8,22.8,85.8
34685693,NC_063032.1,2674973,36,23,84,36.3,22.9,86.2
34685694,NC_063032.1,2674974,37,23,85,36.1,22.7,85.1
34685695,NC_063032.1,2674975,37,23,87,36.4,22.7,85.1
34685696,NC_063032.1,2674976,38,23,85,36.8,22.8,85.3
34685697,NC_063032.1,2674977,38,23,88,37.1,23.0,85.7
34685698,NC_063032.1,2674978,33,21,76,37.3,23.1,85.6
34685699,NC_063032.1,2674979,38,23,88,37.5,23.1,85.8
34685700,NC_063032.1,2674980,39,24,89,37.7,23.0,86.1
34685701,NC_063032.1,2674981,39,24,89,37.9,23.0,86.2
34685702,NC_063032.1,2674982,38,24,85,38.1,23.0,86.9
34685703,NC_063032.1,2674983,38,23,86,38.3,23.0,87.2
34685704,NC_063032.1,2674984,39,22,88,39.1,23.2,88.8
34685705,NC_063032.1,2674985,39,23,88,39.4,23.2,89.2
34685706,NC_063032.1,2674986,40,23,92,39.6,23.1,89.3
34685707,NC_063032.1,2674987,40,23,91,39.8,23.1,89.6
34685708,NC_063032.1,2674988,41,23,92,40.0,23.1,90.2
34685709,NC_063032.1,2674989,41,23,92,40.2,23.2,90.8
34685710,NC_063032.1,2674990,41,23,90,40.3,23.4,91.1
34685711,NC_063032.1,2674991,41,24,92,40.4,23.6,91.2
34685712,NC_063032.1,2674992,40,24,91,40.3,23.8,91.2
34685713,NC_063032.1,2674993,40,24,92,40.3,24.0,91.1
34685714,NC_063032.1,2674994,40,24,91,40.2,24.2,90.9
34685715,NC_063032.1,2674995,40,25,89,40.2,24.4,91.0
34685716,NC_063032.1,2674996,39,25,92,40.2,24.5,91.3
34685717,NC_063032.1,2674997,40,25,90,40.2,24.5,91.3
34685718,NC_063032.1,2674998,40,25,90,40.3,24.5,91.6
34685719,NC_063032.1,2674999,41,25,93,40.4,24.5,91.8
34685720,NC_063032.1,2675000,41,24,93,40.5,24.5,92.3
34685721,NC_063032.1,2675001,41,24,92,40.6,24.3,93.0
34685722,NC_063032.1,2675002,41,24,94,40.8,24.1,93.4
34685723,NC_063032.1,2675003,41,24,94,40.9,24.0,94.0
34685724,NC_063032.1,2675004,41,24,96,41.0,23.9,94.6
34685725,NC_063032.1,2675005,41,23,96,41.0,23.8,94.9
34685726,NC_063032.1,2675006,41,23,96,41.0,23.8,95.2
34685727,NC_063032.1,2675007,41,24,96,41.0,23.8,95.5
34685728,NC_063032.1,2675008,41,24,96,41.0,23.8,95.6
34685729,NC_063032.1,2675009,41,24,96,40.9,23.8,95.4
34685730,NC_063032.1,2675010,41,24,96,40.9,23.8,95.0
34685731,NC_063032.1,2675011,41,24,95,40.9,23.8,95.0
34685732,NC_063032.1,2675012,41,24,95,40.9,23.8,94.9
34685733,NC_063032.1,2675013,40,24,92,40.9,23.7,94.7
34685734,NC_063032.1,2675014,41,24,92,40.7,23.5,93.4
34685735,NC_063032.1,2675015,41,23,96,40.7,23.4,93.0
34685736,NC_063032.1,2675016,41,23,95,40.7,23.3,93.0
34685737,NC_063032.1,2675017,41,23,94,40.6,23.2,92.9
34685738,NC_063032.1,2675018,39,22,83,40.4,23.1,92.8
34685739,NC_063032.1,2675019,41,23,92,40.4,23.0,93.2
34685740,NC_063032.1,2675020,41,23,96,40.4,22.8,93.6
34685741,NC_063032.1,2675021,40,23,94,40.4,22.6,93.3
34685742,NC_063032.1,2675022,39,23,94,40.4,22.5,93.3
34685743,NC_063032.1,2675023,40,23,96,40.4,22.4,93.3
34685744,NC_063032.1,2675024,41,22,96,40.6,22.3,94.5
34685745,NC_063032.1,2675025,41,21,93,40.6,22.1,94.6
34685746,NC_063032.1,2675026,41,22,95,40.6,21.9,94.3
34685747,NC_063032.1,2675027,41,22,94,40.7,21.7,94.4
34685748,NC_063032.1,2675028,41,21,95,40.8,21.5,94.0
34685749,NC_063032.1,2675029,41,21,93,40.8,21.4,93.3
34685750,NC_063032.1,2675030,41,21,93,40.7,21.3,92.8
34685751,NC_063032.1,2675031,41,21,95,40.7,21.3,92.7
34685752,NC_063032.1,2675032,40,21,90,40.6,21.2,92.4
34685753,NC_063032.1,2675033,40,22,89,40.4,21.1,92.3
34685754,NC_063032.1,2675034,40,21,91,40.3,21.0,92.1
34685755,NC_063032.1,2675035,41,21,92,40.2,20.9,92.3
34685756,NC_063032.1,2675036,40,21,92,39.8,20.6,90.5
34685757,NC_063032.1,2675037,39,21,93,39.6,20.2,90.0
34685758,NC_063032.1,2675038,40,20,93,39.6,19.9,90.5
34685759,NC_063032.1,2675039,40,20,95,39.7,19.6,91.1
34685760,NC_063032.1,2675040,37,18,75,39.8,19.4,91.5
34685761,NC_063032.1,2675041,39,17,90,39.8,19.2,91.7
34685762,NC_063032.1,2675042,40,18,95,39.9,19.0,91.9
34685763,NC_063032.1,2675043,41,19,95,40.1,18.8,91.7
34685764,NC_063032.1,2675044,41,19,95,40.2,18.7,91.7
34685765,NC_063032.1,2675045,41,19,94,40.3,18.5,91.5
34685766,NC_063032.1,2675046,41,19,94,40.7,18.5,93.4
34685767,NC_063032.1,2675047,41,19,91,40.6,18.6,92.4
34685768,NC_063032.1,2675048,41,19,93,40.7,18.6,92.3
34685769,NC_063032.1,2675049,41,18,93,40.6,18.5,92.2
34685770,NC_063032.1,2675050,41,18,94,40.6,18.4,92.0
34685771,NC_063032.1,2675051,38,18,80,40.5,18.3,91.8
34685772,NC_063032.1,2675052,41,18,94,40.3,18.2,91.7
34685773,NC_063032.1,2675053,40,18,94,40.1,18.1,92.0
34685774,NC_063032.1,2675054,41,18,93,39.9,18.1,92.0
34685775,NC_063032.1,2675055,40,18,92,39.7,18.1,91.8
34685776,NC_063032.1,2675056,39,18,93,39.5,18.1,91.7
34685777,NC_063032.1,2675057,39,18,94,39.7,18.0,93.0
34685778,NC_063032.1,2675058,39,19,93,39.6,17.9,92.8
34685779,NC_063032.1,2675059,39,18,91,39.6,17.8,92.8
34685780,NC_063032.1,2675060,39,18,93,39.4,17.7,92.8
34685781,NC_063032.1,2675061,40,17,93,39.3,17.6,92.9
34685782,NC_063032.1,2675062,40,17,92,39.2,17.5,92.7
34685783,NC_063032.1,2675063,40,17,94,39.3,17.4,92.2
34685784,NC_063032.1,2675064,39,17,93,39.2,17.1,91.8
34685785,NC_063032.1,2675065,39,17,93,39.2,16.9,91.7
34685786,NC_063032.1,2675066,38,17,91,39.2,16.7,91.5
34685787,NC_063032.1,2675067,40,17,89,39.0,16.6,91.2
34685788,NC_063032.1,2675068,38,16,89,38.6,16.4,91.2
34685789,NC_063032.1,2675069,39,16,90,38.3,16.3,91.2
34685790,NC_063032.1,2675070,39,16,91,38.1,16.2,91.3
34685791,NC_063032.1,2675071,38,16,90,37.6,16.1,91.0
34685792,NC_063032.1,2675072,36,15,92,37.4,16.3,91.2
34685793,NC_063032.1,2675073,37,16,94,37.0,16.5,91.7
34685794,NC_063032.1,2675074,37,16,94,36.8,16.8,92.0
34685795,NC_063032.1,2675075,34,16,90,36.5,17.1,92.2
34685796,NC_063032.1,2675076,36,19,93,36.2,17.4,92.5
34685797,NC_063032.1,2675077,36,19,94,36.0,17.7,92.9
34685798,NC_063032.1,2675078,36,19,92,36.0,18.1,93.1
34685799,NC_063032.1,2675079,36,19,92,36.0,18.4,93.1
34685800,NC_063032.1,2675080,36,19,94,36.0,18.9,93.1
34685801,NC_063032.1,2675081,36,19,94,36.3,19.4,93.5
34685802,NC_063032.1,2675082,36,19,94,36.3,19.6,93.4
34685803,NC_063032.1,2675083,37,19,94,36.3,19.8,93.2
34685804,NC_063032.1,2675084,37,21,94,36.3,20.0,93.3
34685805,NC_063032.1,2675085,37,21,94,36.3,20.2,93.4
34685806,NC_063032.1,2675086,36,21,92,36.2,20.4,93.2
34685807,NC_063032.1,2675087,36,21,92,36.2,20.5,92.8
34685808,NC_063032.1,2675088,36,21,93,36.2,20.7,92.7
34685809,NC_063032.1,2675089,36,21,93,36.0,20.9,92.1
34685810,NC_063032.1,2675090,35,21,92,35.8,20.9,91.8
34685811,NC_063032.1,2675091,36,20,90,35.6,20.9,91.7
34685812,NC_063032.1,2675092,36,21,93,35.5,20.9,91.8
34685813,NC_063032.1,2675093,35,21,88,35.4,20.9,91.9
34685814,NC_063032.1,2675094,35,21,91,35.4,20.9,91.9
34685815,NC_063032.1,2675095,35,21,93,35.2,20.9,91.5
34685816,NC_063032.1,2675096,35,21,93,35.3,20.9,91.6
34685817,NC_063032.1,2675097,35,21,93,35.3,21.0,91.6
34685818,NC_063032.1,2675098,36,21,93,35.3,21.0,91.6
34685819,NC_063032.1,2675099,34,21,89,35.4,21.0,91.7
34685820,NC_063032.1,2675100,36,21,93,35.5,21.0,92.0
34685821,NC_063032.1,2675101,36,21,90,35.6,21.0,92.0
34685822,NC_063032.1,2675102,36,21,93,35.6,21.0,91.9
34685823,NC_063032.1,2675103,36,21,89,35.6,21.0,91.8
34685824,NC_063032.1,2675104,36,21,94,35.6,21.1,91.8
34685825,NC_063032.1,2675105,36,21,93,35.5,21.2,91.4
34685826,NC_063032.1,2675106,35,21,92,35.2,21.3,90.6
34685827,NC_063032.1,2675107,35,21,92,34.8,21.4,89.9
34685828,NC_063032.1,2675108,36,22,93,35.0,21.5,89.5
34685829,NC_063032.1,2675109,33,22,85,35.2,21.6,89.8
34685830,NC_063032.1,2675110,33,22,85,35.5,21.7,89.6
34685831,NC_063032.1,2675111,32,22,83,35.9,21.8,89.5
34685832,NC_063032.1,2675112,38,22,89,36.3,21.9,89.3
34685833,NC_063032.1,2675113,38,22,92,36.7,22.0,89.2
34685834,NC_063032.1,2675114,39,22,92,37.0,22.0,88.9
34685835,NC_063032.1,2675115,40,22,92,37.6,22.0,89.4
34685836,NC_063032.1,2675116,39,22,90,38.3,22.0,90.0
34685837,NC_063032.1,2675117,39,22,91,39.1,22.0,90.9
34685838,NC_063032.1,2675118,39,22,90,39.3,22.0,91.2
34685839,NC_063032.1,2675119,39,22,90,39.5,22.0,91.1
34685840,NC_063032.1,2675120,40,22,91,39.6,22.0,90.9
34685841,NC_063032.1,2675121,40,22,92,39.6,22.0,90.6
34685842,NC_063032.1,2675122,40,22,92,39.7,22.0,90.6
34685843,NC_063032.1,2675123,40,22,91,39.8,22.1,90.3
34685844,NC_063032.1,2675124,40,22,90,39.8,22.1,90.3
34685845,NC_063032.1,2675125,40,22,89,39.9,22.2,90.3
34685846,NC_063032.1,2675126,40,22,90,39.9,22.3,90.1
34685847,NC_063032.1,2675127,40,23,88,38.8,22.3,87.2
34685848,NC_063032.1,2675128,39,22,90,38.1,22.6,86.0
34685849,NC_063032.1,2675129,40,23,90,38.1,22.9,86.2
34685850,NC_063032.1,2675130,40,23,89,38.0,23.2,86.4
34685851,NC_063032.1,2675131,29,22,63,37.8,23.3,86.5
34685852,NC_063032.1,2675132,33,25,80,37.7,23.6,86.7
34685853,NC_063032.1,2675133,40,25,93,37.6,23.8,87.1
34685854,NC_063032.1,2675134,39,25,92,37.5,24.1,87.3
34685855,NC_063032.1,2675135,38,23,90,37.3,24.3,87.5
34685856,NC_063032.1,2675136,39,25,92,37.1,24.5,87.5
34685857,NC_063032.1,2675137,39,25,92,38.1,24.8,90.6
34685858,NC_063032.1,2675138,38,25,92,38.2,24.8,91.7
34685859,NC_063032.1,2675139,38,25,92,38.0,24.8,91.8
34685860,NC_063032.1,2675140,38,25,89,37.9,24.8,92.0
34685861,NC_063032.1,2675141,39,25,94,37.9,25.0,92.4
34685862,NC_063032.1,2675142,34,25,91,37.7,25.0,92.4
34685863,NC_063032.1,2675143,38,25,94,37.6,25.0,92.7
34685864,NC_063032.1,2675144,38,25,94,37.5,25.0,92.9
34685865,NC_063032.1,2675145,38,25,94,37.3,25.0,93.3
34685866,NC_063032.1,2675146,37,25,92,37.2,25.0,93.9
34685867,NC_063032.1,2675147,38,25,95,36.9,25.0,94.1
34685868,NC_063032.1,2675148,37,25,94,37.2,25.0,94.5
34685869,NC_063032.1,2675149,36,25,96,37.1,25.0,94.6
34685870,NC_063032.1,2675150,37,25,95,37.0,25.0,94.8
34685871,NC_063032.1,2675151,36,25,96,36.6,24.7,93.9
34685872,NC_063032.1,2675152,37,25,95,36.4,24.6,94.0
34685873,NC_063032.1,2675153,37,25,95,36.3,24.6,94.2
34685874,NC_063032.1,2675154,37,25,96,36.4,24.6,94.5
34685875,NC_063032.1,2675155,34,22,85,36.6,24.6,94.6
34685876,NC_063032.1,2675156,35,24,93,36.7,24.6,94.9
34685877,NC_063032.1,2675157,37,25,97,36.9,24.6,95.1
34685878,NC_063032.1,2675158,38,25,97,37.0,24.5,95.3
34685879,NC_063032.1,2675159,38,25,97,37.1,24.4,95.1
34685880,NC_063032.1,2675160,38,25,98,37.2,24.3,95.3
34685881,NC_063032.1,2675161,38,25,98,37.6,24.4,96.3
34685882,NC_063032.1,2675162,38,24,97,37.9,24.3,96.9
34685883,NC_063032.1,2675163,38,24,93,38.0,24.1,96.6
34685884,NC_063032.1,2675164,38,24,98,38.0,23.8,96.5
34685885,NC_063032.1,2675165,38,23,95,37.9,23.5,96.4
34685886,NC_063032.1,2675166,38,23,99,37.8,23.2,96.3
34685887,NC_063032.1,2675167,38,23,94,37.7,22.9,96.3
34685888,NC_063032.1,2675168,38,22,96,37.6,22.7,96.4
34685889,NC_063032.1,2675169,37,22,96,37.5,22.4,96.8
34685890,NC_063032.1,2675170,37,22,97,37.4,22.2,96.7
34685891,NC_063032.1,2675171,37,22,98,37.5,22.1,96.9
34685892,NC_063032.1,2675172,37,22,98,37.6,22.0,96.7
34685893,NC_063032.1,2675173,37,21,97,37.7,21.9,96.9
34685894,NC_063032.1,2675174,37,22,97,37.8,22.0,96.5
34685895,NC_063032.1,2675175,39,22,97,38.0,22.1,96.3
34685896,NC_063032.1,2675176,39,22,97,38.1,22.1,95.6
34685897,NC_063032.1,2675177,39,22,96,38.3,22.1,94.9
34685898,NC_063032.1,2675178,39,23,92,38.5,22.1,94.3
34685899,NC_063032.1,2675179,39,23,94,38.7,22.2,94.0
34685900,NC_063032.1,2675180,38,22,90,38.8,22.3,93.3
34685901,NC_063032.1,2675181,39,22,91,38.7,22.4,93.2
34685902,NC_063032.1,2675182,39,22,92,38.6,22.5,93.1
34685903,NC_063032.1,2675183,39,22,94,38.5,22.6,92.9
34685904,NC_063032.1,2675184,38,23,90,38.5,22.6,93.1
34685905,NC_063032.1,2675185,38,23,96,38.4,22.6,93.2
34685906,NC_063032.1,2675186,38,23,96,38.3,22.7,93.7
34685907,NC_063032.1,2675187,38,23,94,38.2,22.8,94.1
34685908,NC_063032.1,2675188,39,23,94,38.2,22.9,94.4
34685909,NC_063032.1,2675189,38,23,95,38.2,23.0,94.5
34685910,NC_063032.1,2675190,37,23,95,38.3,23.0,95.1
34685911,NC_063032.1,2675191,38,23,95,38.4,23.1,95.1
34685912,NC_063032.1,2675192,39,23,95,38.5,23.1,95.1
34685913,NC_063032.1,2675193,39,23,95,38.6,23.1,95.3
34685914,NC_063032.1,2675194,39,23,96,38.6,23.0,95.5
34685915,NC_063032.1,2675195,39,24,96,38.7,22.9,95.5
34685916,NC_063032.1,2675196,39,23,96,38.9,22.9,95.3
34685917,NC_063032.1,2675197,39,23,96,38.9,22.9,95.0
34685918,NC_063032.1,2675198,39,22,96,38.4,22.9,93.5
34685919,NC_063032.1,2675199,39,22,95,38.3,22.9,92.7
34685920,NC_063032.1,2675200,39,23,93,38.2,22.9,92.2
34685921,NC_063032.1,2675201,38,23,92,38.1,22.8,91.9
34685922,NC_063032.1,2675202,34,23,80,37.9,22.8,91.4
34685923,NC_063032.1,2675203,38,23,87,37.7,22.8,90.9
34685924,NC_063032.1,2675204,38,23,91,37.5,22.9,90.5
34685925,NC_063032.1,2675205,38,23,93,37.3,23.0,90.2
34685926,NC_063032.1,2675206,37,23,91,37.1,22.9,90.0
34685927,NC_063032.1,2675207,37,23,91,36.9,22.7,89.7
34685928,NC_063032.1,2675208,37,23,92,37.2,22.6,90.9
34685929,NC_063032.1,2675209,37,23,92,37.1,22.5,91.4
34685930,NC_063032.1,2675210,37,22,91,37.0,22.4,91.5
34685931,NC_063032.1,2675211,36,21,89,36.8,22.3,91.4
34685932,NC_063032.1,2675212,37,22,92,36.7,22.1,91.4
34685933,NC_063032.1,2675213,37,22,92,36.6,21.9,91.4
34685934,NC_063032.1,2675214,37,22,92,36.4,21.7,90.9
34685935,NC_063032.1,2675215,36,22,92,36.1,21.2,90.3
34685936,NC_063032.1,2675216,36,21,91,35.9,21.0,90.0
34685937,NC_063032.1,2675217,36,21,91,35.8,21.0,89.9
34685938,NC_063032.1,2675218,35,21,87,35.6,20.9,89.6
34685939,NC_063032.1,2675219,34,18,86,35.3,20.8,89.2
34685940,NC_063032.1,2675220,35,20,88,35.1,20.7,88.8
34685941,NC_063032.1,2675221,35,21,88,35.0,20.6,88.0
34685942,NC_063032.1,2675222,35,21,89,34.9,20.6,87.7
34685943,NC_063032.1,2675223,34,21,88,34.8,20.8,87.4
34685944,NC_063032.1,2675224,35,21,88,34.8,21.0,87.4
34685945,NC_063032.1,2675225,35,21,84,34.9,21.5,87.4
34685946,NC_063032.1,2675226,35,21,88,33.6,21.5,85.3
34685947,NC_063032.1,2675227,35,23,88,33.5,21.7,84.9
34685948,NC_063032.1,2675228,35,23,87,33.4,21.9,84.6
34685949,NC_063032.1,2675229,35,23,86,33.5,22.1,84.8
34685950,NC_063032.1,2675230,22,20,67,33.5,22.4,85.1
34685951,NC_063032.1,2675231,34,23,84,33.4,22.7,85.8
34685952,NC_063032.1,2675232,34,23,86,33.3,23.1,86.1
34685953,NC_063032.1,2675233,35,23,90,33.2,23.3,86.5
34685954,NC_063032.1,2675234,35,24,91,33.1,23.5,87.0
34685955,NC_063032.1,2675235,34,24,91,33.1,23.7,87.5
34685956,NC_063032.1,2675236,34,25,91,34.4,24.2,89.8
34685957,NC_063032.1,2675237,34,25,92,34.5,24.4,90.6
34685958,NC_063032.1,2675238,34,25,92,34.6,24.6,91.1
34685959,NC_063032.1,2675239,35,25,91,34.6,24.8,91.3
34685960,NC_063032.1,2675240,35,25,90,34.5,24.9,91.5
34685961,NC_063032.1,2675241,35,25,92,34.6,25.0,91.7
34685962,NC_063032.1,2675242,35,25,91,34.7,25.0,91.9
34685963,NC_063032.1,2675243,35,25,92,34.7,25.0,92.1
34685964,NC_063032.1,2675244,34,25,93,34.8,25.0,92.3
34685965,NC_063032.1,2675245,35,25,93,34.8,24.9,92.5
34685966,NC_063032.1,2675246,35,25,93,34.8,24.8,92.7
34685967,NC_063032.1,2675247,34,25,94,34.9,24.8,93.0
34685968,NC_063032.1,2675248,35,25,94,35.0,24.8,93.5
34685969,NC_063032.1,2675249,35,24,93,35.1,24.8,93.8
34685970,NC_063032.1,2675250,35,24,92,35.3,24.8,93.8
34685971,NC_063032.1,2675251,36,25,95,35.4,24.7,93.8
34685972,NC_063032.1,2675252,36,25,96,35.5,24.6,93.3
34685973,NC_063032.1,2675253,36,25,95,35.7,24.6,93.2
34685974,NC_063032.1,2675254,36,25,93,35.5,24.5,92.8
34685975,NC_063032.1,2675255,36,24,93,35.4,24.6,92.7
34685976,NC_063032.1,2675256,36,24,88,35.5,24.7,92.6
34685977,NC_063032.1,2675257,36,25,93,35.6,24.7,92.1
34685978,NC_063032.1,2675258,33,24,90,35.7,24.7,91.6
34685979,NC_063032.1,2675259,34,25,92,35.8,24.8,91.2
34685980,NC_063032.1,2675260,36,25,91,35.9,24.9,91.0
34685981,NC_063032.1,2675261,37,25,90,36.0,25.1,90.8
34685982,NC_063032.1,2675262,37,25,91,36.1,25.3,91.1
34685983,NC_063032.1,2675263,37,26,91,36.2,25.4,90.9
34685984,NC_063032.1,2675264,37,26,91,36.6,25.6,90.9
34685985,NC_063032.1,2675265,37,26,91,36.9,25.7,90.8
34685986,NC_063032.1,2675266,37,26,91,37.0,25.9,90.8
34685987,NC_063032.1,2675267,37,26,91,37.0,26.1,91.1
34685988,NC_063032.1,2675268,37,26,90,37.0,26.3,91.3
34685989,NC_063032.1,2675269,37,26,91,37.0,26.3,91.2
34685990,NC_063032.1,2675270,37,27,91,37.0,26.3,91.0
34685991,NC_063032.1,2675271,37,27,93,36.7,26.2,90.7
34685992,NC_063032.1,2675272,37,27,93,36.6,26.2,90.3
34685993,NC_063032.1,2675273,37,26,90,36.6,26.2,90.1
34685994,NC_063032.1,2675274,37,26,89,36.6,26.2,90.1
34685995,NC_063032.1,2675275,34,25,88,36.6,26.2,90.1
34685996,NC_063032.1,2675276,36,26,87,36.4,26.1,89.6
34685997,NC_063032.1,2675277,37,26,89,36.4,25.9,89.3
34685998,NC_063032.1,2675278,37,26,90,36.4,25.5,88.5
34685999,NC_063032.1,2675279,37,26,91,36.5,25.4,88.7
34686000,NC_063032.1,2675280,35,26,86,36.5,25.3,89.1
34686001,NC_063032.1,2675281,37,25,90,36.8,25.3,89.5
34686002,NC_063032.1,2675282,37,23,85,36.9,25.1,90.0
34686003,NC_063032.1,2675283,38,25,92,36.9,24.9,90.4
34686004,NC_063032.1,2675284,37,25,93,36.9,24.8,90.6
34686005,NC_063032.1,2675285,37,25,92,36.8,24.7,90.5
34686006,NC_063032.1,2675286,37,24,92,36.9,24.6,91.0
34686007,NC_063032.1,2675287,37,24,93,36.9,24.6,91.1
34686008,NC_063032.1,2675288,37,25,92,36.9,24.8,91.7
34686009,NC_063032.1,2675289,36,25,90,36.8,24.9,91.7
34686010,NC_063032.1,2675290,36,25,91,36.8,25.0,91.7
34686011,NC_063032.1,2675291,37,25,91,36.8,25.1,91.7
34686012,NC_063032.1,2675292,37,25,91,36.8,24.9,91.2
34686013,NC_063032.1,2675293,37,26,92,36.8,24.8,90.6
34686014,NC_063032.1,2675294,37,26,93,36.8,24.8,90.5
34686015,NC_063032.1,2675295,37,26,92,36.9,24.7,90.5
34686016,NC_063032.1,2675296,37,22,87,37.0,24.6,90.2
34686017,NC_063032.1,2675297,37,23,87,37.0,24.5,89.8
34686018,NC_063032.1,2675298,37,25,91,37.0,24.4,89.4
34686019,NC_063032.1,2675299,37,24,90,37.0,24.1,88.7
34686020,NC_063032.1,2675300,37,24,88,36.8,23.6,87.2
34686021,NC_063032.1,2675301,37,24,87,36.8,23.1,86.4
34686022,NC_063032.1,2675302,37,24,87,36.7,23.0,86.1
34686023,NC_063032.1,2675303,37,23,85,36.7,22.9,86.1
34686024,NC_063032.1,2675304,35,21,78,36.8,22.6,85.7
34686025,NC_063032.1,2675305,37,21,84,36.9,22.4,85.4
34686026,NC_063032.1,2675306,36,21,84,37.0,22.2,85.1
34686027,NC_063032.1,2675307,37,22,87,37.1,22.1,85.2
34686028,NC_063032.1,2675308,38,22,87,37.2,21.8,85.2
34686029,NC_063032.1,2675309,38,22,87,37.2,21.6,85.2
34686030,NC_063032.1,2675310,38,22,85,37.4,21.7,86.3
34686031,NC_063032.1,2675311,38,23,88,37.4,21.9,86.8
34686032,NC_063032.1,2675312,38,21,87,37.5,22.1,87.1
34686033,NC_063032.1,2675313,37,21,85,37.5,22.0,87.1
34686034,NC_063032.1,2675314,37,22,89,37.4,22.1,87.2
34686035,NC_063032.1,2675315,37,23,89,37.3,22.5,87.2
34686036,NC_063032.1,2675316,37,23,87,37.2,22.9,87.5
34686037,NC_063032.1,2675317,37,21,87,37.1,23.2,87.5
34686038,NC_063032.1,2675318,37,23,88,37.0,23.8,87.6
34686039,NC_063032.1,2675319,37,26,87,37.1,24.4,88.1
34686040,NC_063032.1,2675320,37,26,88,37.2,24.9,88.1
34686041,NC_063032.1,2675321,37,26,88,37.3,25.3,88.1
34686042,NC_063032.1,2675322,37,27,88,37.4,25.7,88.3
34686043,NC_063032.1,2675323,38,27,90,37.5,26.3,88.5
34686044,NC_063032.1,2675324,38,27,89,37.6,26.7,88.6
34686045,NC_063032.1,2675325,38,27,89,37.7,26.8,88.9
34686046,NC_063032.1,2675326,38,27,89,37.8,26.9,89.1
34686047,NC_063032.1,2675327,38,27,89,37.9,27.0,88.9
34686048,NC_063032.1,2675328,38,27,89,38.1,27.0,88.6
34686049,NC_063032.1,2675329,38,27,90,38.2,27.0,88.1
34686050,NC_063032.1,2675330,38,27,90,38.1,27.0,87.8
34686051,NC_063032.1,2675331,38,27,86,38.0,27.0,87.5
34686052,NC_063032.1,2675332,39,27,85,37.9,27.0,87.2
34686053,NC_063032.1,2675333,39,27,85,37.8,27.0,86.9
34686054,NC_063032.1,2675334,37,27,86,37.7,26.9,86.3
34686055,NC_063032.1,2675335,37,27,86,37.6,26.9,85.9
34686056,NC_063032.1,2675336,37,27,86,37.5,26.9,85.6
34686057,NC_063032.1,2675337,37,27,86,37.5,26.9,85.7
34686058,NC_063032.1,2675338,37,26,83,37.4,26.9,85.8
34686059,NC_063032.1,2675339,37,27,86,37.3,26.9,86.0
34686060,NC_063032.1,2675340,37,27,87,37.3,26.9,85.9
34686061,NC_063032.1,2675341,38,27,87,37.4,27.0,85.8
34686062,NC_063032.1,2675342,38,27,86,37.5,27.1,85.5
34686063,NC_063032.1,2675343,38,27,87,37.6,27.3,85.2
34686064,NC_063032.1,2675344,37,27,85,37.7,27.5,85.2
34686065,NC_063032.1,2675345,38,28,85,37.8,27.6,84.9
34686066,NC_063032.1,2675346,38,28,83,37.9,27.7,84.8
34686067,NC_063032.1,2675347,38,29,83,37.9,27.7,84.7
34686068,NC_063032.1,2675348,38,28,83,37.8,27.8,84.4
34686069,NC_063032.1,2675349,38,28,83,37.7,27.9,84.0
34686070,NC_063032.1,2675350,38,28,86,37.6,28.0,84.1
34686071,NC_063032.1,2675351,38,27,86,37.4,28.0,84.2
34686072,NC_063032.1,2675352,37,28,83,37.2,27.9,84.6
34686073,NC_063032.1,2675353,37,28,83,37.0,27.7,84.9
34686074,NC_063032.1,2675354,36,28,86,36.8,27.6,85.2
34686075,NC_063032.1,2675355,36,28,86,36.2,27.5,85.1
34686076,NC_063032.1,2675356,36,27,87,35.9,27.4,84.9
34686077,NC_063032.1,2675357,36,27,86,35.7,27.3,85.0
34686078,NC_063032.1,2675358,36,27,86,35.6,27.2,85.4
34686079,NC_063032.1,2675359,32,27,82,35.5,27.1,85.7
34686080,NC_063032.1,2675360,35,27,84,35.2,27.0,85.4
34686081,NC_063032.1,2675361,36,26,87,35.2,26.9,85.3
34686082,NC_063032.1,2675362,36,27,87,35.2,26.9,85.1
34686083,NC_063032.1,2675363,36,27,86,35.2,26.9,85.0
34686084,NC_063032.1,2675364,33,27,83,35.1,26.8,84.8
34686085,NC_063032.1,2675365,36,27,85,35.5,26.8,84.9
34686086,NC_063032.1,2675366,36,27,85,35.6,26.8,84.8
34686087,NC_063032.1,2675367,36,27,85,35.6,26.8,84.0
34686088,NC_063032.1,2675368,35,26,84,35.6,26.7,83.4
34686089,NC_063032.1,2675369,36,27,83,35.6,26.6,82.9
34686090,NC_063032.1,2675370,36,27,83,36.0,26.6,82.8
34686091,NC_063032.1,2675371,36,26,79,36.1,26.6,82.4
34686092,NC_063032.1,2675372,36,26,81,36.2,26.6,82.1
34686093,NC_063032.1,2675373,36,26,81,36.3,26.6,81.8
34686094,NC_063032.1,2675374,37,27,82,36.5,26.6,81.5
34686095,NC_063032.1,2675375,37,27,81,36.5,26.6,81.3
34686096,NC_063032.1,2675376,37,27,82,36.5,26.6,81.1
34686097,NC_063032.1,2675377,37,27,82,36.5,26.7,81.3
34686098,NC_063032.1,2675378,37,26,81,36.5,26.8,81.4
34686099,NC_063032.1,2675379,36,27,81,36.5,26.9,81.5
34686100,NC_063032.1,2675380,36,27,81,36.4,26.9,81.5
34686101,NC_063032.1,2675381,36,27,81,36.1,26.8,81.6
34686102,NC_063032.1,2675382,36,27,82,35.8,26.7,81.6
34686103,NC_063032.1,2675383,36,27,82,35.7,26.6,81.4
34686104,NC_063032.1,2675384,36,27,82,35.5,26.6,81.5
34686105,NC_063032.1,2675385,34,26,82,35.5,26.5,81.5
34686106,NC_063032.1,2675386,34,26,82,35.5,26.3,81.4
34686107,NC_063032.1,2675387,36,26,80,35.5,26.1,81.4
34686108,NC_063032.1,2675388,35,26,82,35.5,25.9,81.4
34686109,NC_063032.1,2675389,36,26,81,35.4,25.7,81.0
34686110,NC_063032.1,2675390,36,25,80,35.3,25.5,80.9
34686111,NC_063032.1,2675391,36,25,81,35.4,25.3,80.8
34686112,NC_063032.1,2675392,36,25,82,35.4,25.2,80.4
34686113,NC_063032.1,2675393,35,25,78,35.2,25.1,80.6
34686114,NC_063032.1,2675394,35,25,81,35.3,25.2,80.8
34686115,NC_063032.1,2675395,35,24,81,35.3,25.3,81.0
34686116,NC_063032.1,2675396,34,25,78,35.3,25.6,81.4
34686117,NC_063032.1,2675397,34,25,82,35.1,25.9,81.7
34686118,NC_063032.1,2675398,36,27,84,34.9,26.2,81.9
34686119,NC_063032.1,2675399,36,27,83,34.8,26.5,82.6
34686120,NC_063032.1,2675400,36,28,84,34.7,26.9,83.0
34686121,NC_063032.1,2675401,34,28,84,33.5,27.4,82.3
34686122,NC_063032.1,2675402,34,28,84,33.5,27.9,82.9
34686123,NC_063032.1,2675403,34,28,85,33.6,28.4,83.2
34686124,NC_063032.1,2675404,34,29,85,33.4,28.6,83.3
34686125,NC_063032.1,2675405,23,29,74,33.1,28.7,83.5
34686126,NC_063032.1,2675406,34,30,84,32.8,28.7,83.5
34686127,NC_063032.1,2675407,35,30,85,32.7,28.9,83.5
34686128,NC_063032.1,2675408,34,29,85,32.6,29.1,83.5
34686129,NC_063032.1,2675409,33,28,85,32.5,29.3,83.3
34686130,NC_063032.1,2675410,33,28,84,32.4,29.4,83.2
34686131,NC_063032.1,2675411,33,30,84,33.4,29.6,84.2
34686132,NC_063032.1,2675412,33,30,84,33.2,29.7,84.3
34686133,NC_063032.1,2675413,33,30,83,32.8,29.8,84.3
34686134,NC_063032.1,2675414,33,30,84,32.3,30.0,84.4
34686135,NC_063032.1,2675415,33,31,84,32.0,30.2,84.4
34686136,NC_063032.1,2675416,32,31,85,31.7,30.4,84.4
34686137,NC_063032.1,2675417,31,31,85,31.4,30.4,84.0
34686138,NC_063032.1,2675418,29,31,86,31.1,30.4,83.9
34686139,NC_063032.1,2675419,30,30,85,30.8,30.4,83.9
34686140,NC_063032.1,2675420,30,30,84,30.6,30.4,83.6
34686141,NC_063032.1,2675421,30,30,80,30.4,30.3,83.3
34686142,NC_063032.1,2675422,30,30,83,30.3,30.0,82.9
34686143,NC_063032.1,2675423,30,30,83,30.3,29.6,82.5
34686144,NC_063032.1,2675424,31,30,81,30.5,29.2,82.0
34686145,NC_063032.1,2675425,31,30,81,30.6,28.8,81.6
34686146,NC_063032.1,2675426,31,28,81,30.5,28.5,81.1
34686147,NC_063032.1,2675427,31,27,81,30.6,28.2,81.0
34686148,NC_063032.1,2675428,31,27,81,30.7,27.9,80.7
34686149,NC_063032.1,2675429,31,26,81,30.8,27.5,80.4
34686150,NC_063032.1,2675430,29,27,79,30.8,27.1,80.3
34686151,NC_063032.1,2675431,31,27,79,30.8,26.8,80.1
34686152,NC_063032.1,2675432,31,27,80,30.5,26.7,79.9
34686153,NC_063032.1,2675433,31,26,80,30.4,26.8,79.6
34686154,NC_063032.1,2675434,31,26,80,30.2,26.9,79.3
34686155,NC_063032.1,2675435,31,27,79,30.1,27.1,78.6
34686156,NC_063032.1,2675436,28,27,79,30.3,27.2,78.4
34686157,NC_063032.1,2675437,30,28,78,30.3,27.3,78.3
34686158,NC_063032.1,2675438,29,28,78,30.2,27.4,78.1
34686159,NC_063032.1,2675439,30,28,74,30.2,27.6,77.9
34686160,NC_063032.1,2675440,31,28,77,30.2,27.8,77.6
34686161,NC_063032.1,2675441,31,28,78,30.2,27.9,77.3
34686162,NC_063032.1,2675442,30,28,78,30.4,28.0,77.0
34686163,NC_063032.1,2675443,31,28,78,30.4,27.9,76.6
34686164,NC_063032.1,2675444,31,28,77,30.6,27.8,76.3
34686165,NC_063032.1,2675445,31,28,76,30.8,27.8,76.4
34686166,NC_063032.1,2675446,30,28,76,30.9,27.9,76.2
34686167,NC_063032.1,2675447,30,27,74,31.0,27.9,75.6
34686168,NC_063032.1,2675448,31,27,75,31.2,28.0,75.2
34686169,NC_063032.1,2675449,32,28,75,31.2,28.1,74.9
34686170,NC_063032.1,2675450,32,29,75,31.3,28.2,74.7
34686171,NC_063032.1,2675451,32,28,72,31.2,28.3,74.6
34686172,NC_063032.1,2675452,32,29,74,31.3,28.4,74.5
34686173,NC_063032.1,2675453,31,29,75,31.5,28.6,74.6
34686174,NC_063032.1,2675454,32,29,75,31.7,28.8,74.6
34686175,NC_063032.1,2675455,30,29,75,31.8,28.9,74.6
34686176,NC_063032.1,2675456,31,29,75,31.9,28.9,74.1
34686177,NC_063032.1,2675457,32,29,75,32.0,29.0,74.3
34686178,NC_063032.1,2675458,33,29,75,32.1,29.0,74.4
34686179,NC_063032.1,2675459,33,29,75,32.3,29.0,74.0
34686180,NC_063032.1,2675460,33,29,70,32.4,29.0,73.8
34686181,NC_063032.1,2675461,33,29,74,32.7,28.9,73.6
34686182,NC_063032.1,2675462,33,29,75,32.8,28.8,73.6
34686183,NC_063032.1,2675463,33,29,71,32.9,28.8,73.4
34686184,NC_063032.1,2675464,33,29,73,32.9,28.9,72.8
34686185,NC_063032.1,2675465,33,28,73,32.9,29.0,72.5
34686186,NC_063032.1,2675466,32,28,75,32.9,29.1,72.9
34686187,NC_063032.1,2675467,33,29,73,32.9,29.3,72.9
34686188,NC_063032.1,2675468,33,30,69,33.0,29.5,72.7
34686189,NC_063032.1,2675469,33,30,72,33.1,29.7,72.8
34686190,NC_063032.1,2675470,33,30,74,33.2,29.8,72.7
34686191,NC_063032.1,2675471,33,31,74,33.3,30.0,72.9
34686192,NC_063032.1,2675472,34,31,73,33.5,30.3,72.9
34686193,NC_063032.1,2675473,34,31,72,33.6,30.6,72.9
34686194,NC_063032.1,2675474,34,30,72,33.2,30.7,72.7
34686195,NC_063032.1,2675475,34,30,75,33.1,30.9,72.7
34686196,NC_063032.1,2675476,34,31,75,33.1,31.2,72.7
34686197,NC_063032.1,2675477,34,32,73,33.2,31.4,72.6
34686198,NC_063032.1,2675478,29,31,67,33.2,31.5,72.4
34686199,NC_063032.1,2675479,32,32,72,33.2,31.6,72.4
34686200,NC_063032.1,2675480,33,33,74,33.1,31.6,72.4
34686201,NC_063032.1,2675481,34,33,73,32.9,31.6,72.1
34686202,NC_063032.1,2675482,34,32,71,32.6,31.5,71.9
34686203,NC_063032.1,2675483,34,32,72,32.3,31.3,71.9
34686204,NC_063032.1,2675484,33,30,72,32.4,31.2,72.6
34686205,NC_063032.1,2675485,32,30,72,32.2,30.9,72.3
34686206,NC_063032.1,2675486,31,30,73,32.1,30.4,71.6
34686207,NC_063032.1,2675487,31,30,73,31.8,30.0,71.3
34686208,NC_063032.1,2675488,30,30,74,31.6,29.6,71.2
34686209,NC_063032.1,2675489,30,29,69,31.4,29.2,70.8
34686210,NC_063032.1,2675490,32,28,67,31.3,29.0,70.8
34686211,NC_063032.1,2675491,31,29,70,31.4,28.8,70.7
34686212,NC_063032.1,2675492,32,28,70,31.6,28.5,70.4
34686213,NC_063032.1,2675493,32,28,68,31.8,28.2,70.1
34686214,NC_063032.1,2675494,32,28,72,31.9,27.9,69.3
34686215,NC_063032.1,2675495,33,28,71,32.1,27.8,69.4
34686216,NC_063032.1,2675496,33,27,70,32.2,27.8,69.7
34686217,NC_063032.1,2675497,33,27,70,32.4,27.8,69.6
34686218,NC_063032.1,2675498,31,27,66,32.5,27.9,69.5
34686219,NC_063032.1,2675499,32,28,70,32.5,28.0,69.5
34686220,NC_063032.1,2675500,33,28,70,32.6,28.1,69.1
34686221,NC_063032.1,2675501,33,29,69,32.5,28.3,68.9
34686222,NC_063032.1,2675502,33,29,69,32.3,28.6,68.6
34686223,NC_063032.1,2675503,32,29,68,32.1,28.9,68.3
34686224,NC_063032.1,2675504,33,29,68,32.3,29.2,68.8
34686225,NC_063032.1,2675505,32,30,69,32.4,29.4,69.0
34686226,NC_063032.1,2675506,31,30,67,32.4,29.6,68.8
34686227,NC_063032.1,2675507,31,30,67,32.4,29.6,68.6
34686228,NC_063032.1,2675508,33,30,71,32.4,29.7,68.8
34686229,NC_063032.1,2675509,33,30,72,32.4,29.8,68.9
34686230,NC_063032.1,2675510,33,30,68,32.3,29.9,69.0
34686231,NC_063032.1,2675511,33,29,67,32.3,29.9,69.1
34686232,NC_063032.1,2675512,33,30,71,32.1,29.8,69.0
34686233,NC_063032.1,2675513,32,30,69,32.0,29.7,68.8
34686234,NC_063032.1,2675514,32,30,69,32.1,29.6,68.5
34686235,NC_063032.1,2675515,32,30,70,32.2,29.5,68.0
34686236,NC_063032.1,2675516,29,29,66,32.3,29.6,68.0
34686237,NC_063032.1,2675517,30,29,65,32.4,29.8,67.8
34686238,NC_063032.1,2675518,34,29,68,32.5,29.9,67.3
34686239,NC_063032.1,2675519,34,29,67,32.7,30.1,67.4
34686240,NC_063032.1,2675520,34,31,68,32.9,30.2,67.4
34686241,NC_063032.1,2675521,34,31,65,33.0,30.5,67.3
34686242,NC_063032.1,2675522,34,31,66,33.4,30.9,67.5
34686243,NC_063032.1,2675523,34,32,70,33.7,31.3,67.8
34686244,NC_063032.1,2675524,34,31,69,33.7,31.7,67.9
34686245,NC_063032.1,2675525,33,33,69,33.8,32.2,68.1
34686246,NC_063032.1,2675526,33,33,68,33.9,32.5,68.2
34686247,NC_063032.1,2675527,33,33,68,34.0,32.8,68.5
34686248,NC_063032.1,2675528,34,33,69,34.0,33.0,68.6
34686249,NC_063032.1,2675529,35,34,69,34.1,33.0,68.4
34686250,NC_063032.1,2675530,35,34,69,34.2,33.1,68.3
34686251,NC_063032.1,2675531,35,34,68,34.4,33.0,68.1
34686252,NC_063032.1,2675532,34,33,67,34.6,32.9,67.9
34686253,NC_063032.1,2675533,35,32,68,34.8,32.8,67.6
34686254,NC_063032.1,2675534,35,32,68,34.8,32.6,67.2
34686255,NC_063032.1,2675535,35,32,67,34.7,32.3,66.7
34686256,NC_063032.1,2675536,35,32,66,34.5,32.1,66.3
34686257,NC_063032.1,2675537,35,32,65,34.4,31.9,66.1
34686258,NC_063032.1,2675538,34,31,65,34.4,31.9,66.2
34686259,NC_063032.1,2675539,34,31,64,34.3,32.1,66.2
34686260,NC_063032.1,2675540,33,32,65,34.2,32.3,66.2
34686261,NC_063032.1,2675541,34,32,66,34.1,32.5,66.3
34686262,NC_063032.1,2675542,34,33,68,33.9,32.7,66.4
34686263,NC_063032.1,2675543,34,34,68,33.6,32.9,66.4
34686264,NC_063032.1,2675544,34,34,68,33.5,33.2,66.5
34686265,NC_063032.1,2675545,34,34,68,33.4,33.5,66.9
34686266,NC_063032.1,2675546,33,34,67,33.4,33.7,67.2
34686267,NC_063032.1,2675547,32,34,65,33.3,34.0,67.5
34686268,NC_063032.1,2675548,33,34,66,33.2,34.1,67.6
34686269,NC_063032.1,2675549,33,34,68,33.1,34.2,67.6
34686270,NC_063032.1,2675550,33,34,68,32.7,34.3,67.5
34686271,NC_063032.1,2675551,33,35,69,32.4,34.3,67.3
34686272,NC_063032.1,2675552,33,34,69,32.2,34.2,67.3
34686273,NC_063032.1,2675553,33,35,68,32.2,34.2,67.8
34686274,NC_063032.1,2675554,30,35,67,32.1,34.2,68.2
34686275,NC_063032.1,2675555,31,34,66,31.9,34.2,68.2
34686276,NC_063032.1,2675556,31,33,67,31.6,34.2,68.3
34686277,NC_063032.1,2675557,32,34,70,31.3,34.1,68.4
34686278,NC_063032.1,2675558,32,34,70,31.1,34.0,68.4
34686279,NC_063032.1,2675559,31,34,68,30.9,33.8,68.5
34686280,NC_063032.1,2675560,30,34,69,30.9,33.6,68.7
34686281,NC_063032.1,2675561,30,34,70,30.8,33.5,68.9
34686282,NC_063032.1,2675562,31,33,69,30.6,33.5,69.0
34686283,NC_063032.1,2675563,31,33,69,30.4,33.4,68.9
34686284,NC_063032.1,2675564,30,33,69,30.2,33.2,68.7
34686285,NC_063032.1,2675565,30,33,68,30.1,33.0,68.6
34686286,NC_063032.1,2675566,29,33,68,30.1,32.9,68.6
34686287,NC_063032.1,2675567,30,33,69,30.1,32.8,68.4
34686288,NC_063032.1,2675568,30,32,68,29.9,32.8,68.1
34686289,NC_063032.1,2675569,30,32,67,29.8,32.8,68.0
34686290,NC_063032.1,2675570,30,33,69,29.9,32.8,67.8
34686291,NC_063032.1,2675571,30,33,68,30.0,32.8,67.7
34686292,NC_063032.1,2675572,29,33,66,30.2,32.6,67.5
34686293,NC_063032.1,2675573,30,33,68,30.3,32.5,67.1
34686294,NC_063032.1,2675574,31,33,67,30.4,32.5,66.6
34686295,NC_063032.1,2675575,31,33,67,30.5,32.5,66.2
34686296,NC_063032.1,2675576,31,31,66,30.5,32.6,65.8
34686297,NC_063032.1,2675577,31,32,65,30.6,32.7,65.6
34686298,NC_063032.1,2675578,31,32,63,30.8,32.8,65.6
34686299,NC_063032.1,2675579,31,32,63,30.9,32.9,65.4
34686300,NC_063032.1,2675580,30,34,65,30.9,33.0,65.2
34686301,NC_063032.1,2675581,31,34,66,30.9,33.0,64.8
34686302,NC_063032.1,2675582,31,34,66,30.9,33.2,64.3
34686303,NC_063032.1,2675583,31,34,66,30.9,33.2,64.0
34686304,NC_063032.1,2675584,31,34,65,30.9,33.2,64.1
34686305,NC_063032.1,2675585,31,33,63,30.9,33.2,64.2
34686306,NC_063032.1,2675586,31,33,61,30.9,33.0,64.0
34686307,NC_063032.1,2675587,31,32,62,30.8,32.8,63.7
34686308,NC_063032.1,2675588,31,32,64,30.8,32.6,63.6
34686309,NC_063032.1,2675589,31,32,64,30.8,32.4,63.4
34686310,NC_063032.1,2675590,30,32,63,30.8,32.3,63.4
34686311,NC_063032.1,2675591,30,32,63,30.8,32.3,63.5
34686312,NC_063032.1,2675592,31,32,65,30.8,32.3,63.8
34686313,NC_063032.1,2675593,31,32,64,30.9,32.3,64.0
34686314,NC_063032.1,2675594,31,33,65,31.0,32.3,64.1
34686315,NC_063032.1,2675595,31,33,64,31.1,32.4,64.3
34686316,NC_063032.1,2675596,31,33,64,31.2,32.4,64.5
34686317,NC_063032.1,2675597,32,32,64,31.4,32.4,64.6
34686318,NC_063032.1,2675598,32,32,65,31.5,32.2,64.4
34686319,NC_063032.1,2675599,32,33,66,31.7,32.0,64.4
34686320,NC_063032.1,2675600,31,32,65,31.9,31.8,64.5
34686321,NC_063032.1,2675601,32,32,64,32.1,31.6,64.7
34686322,NC_063032.1,2675602,32,30,63,32.3,31.4,64.9
34686323,NC_063032.1,2675603,33,30,64,32.4,31.2,65.1
34686324,NC_063032.1,2675604,33,31,66,32.5,31.0,65.2
34686325,NC_063032.1,2675605,33,31,66,32.5,30.7,65.1
34686326,NC_063032.1,2675606,33,31,66,32.6,30.5,65.1
34686327,NC_063032.1,2675607,33,30,66,32.6,30.3,65.1
34686328,NC_063032.1,2675608,33,30,66,32.7,30.4,65.5
34686329,NC_063032.1,2675609,32,30,65,32.7,30.5,65.7
34686330,NC_063032.1,2675610,32,30,65,32.7,30.4,65.6
34686331,NC_063032.1,2675611,32,30,64,32.7,30.4,65.4
34686332,NC_063032.1,2675612,33,31,67,32.8,30.4,65.2
34686333,NC_063032.1,2675613,33,31,66,32.8,30.5,64.9
34686334,NC_063032.1,2675614,33,30,65,32.9,30.6,64.7
34686335,NC_063032.1,2675615,33,31,64,33.1,30.7,64.6
34686336,NC_063032.1,2675616,34,31,64,33.3,30.8,64.7
34686337,NC_063032.1,2675617,33,31,63,33.5,30.9,64.7
34686338,NC_063032.1,2675618,34,31,64,33.6,30.9,64.6
34686339,NC_063032.1,2675619,34,31,64,33.7,30.9,64.7
34686340,NC_063032.1,2675620,34,31,66,33.8,31.0,64.8
34686341,NC_063032.1,2675621,34,31,64,33.9,30.8,64.7
34686342,NC_063032.1,2675622,34,31,66,33.8,30.5,64.9
34686343,NC_063032.1,2675623,34,31,67,33.8,30.4,65.3
34686344,NC_063032.1,2675624,34,31,66,33.7,30.1,65.6
34686345,NC_063032.1,2675625,34,29,63,33.7,30.0,65.8
34686346,NC_063032.1,2675626,33,28,66,33.6,29.9,65.8
34686347,NC_063032.1,2675627,33,30,67,33.5,29.8,65.9
34686348,NC_063032.1,2675628,33,28,67,33.4,29.7,65.9
34686349,NC_063032.1,2675629,34,30,66,33.3,29.5,65.8
34686350,NC_063032.1,2675630,33,30,66,33.4,29.4,65.8
34686351,NC_063032.1,2675631,33,30,65,33.5,29.4,66.1
34686352,NC_063032.1,2675632,33,30,66,33.7,29.5,66.1
34686353,NC_063032.1,2675633,33,29,66,33.9,29.4,65.9
34686354,NC_063032.1,2675634,35,30,66,34.1,29.5,65.6
34686355,NC_063032.1,2675635,35,29,66,34.2,29.3,65.6
34686356,NC_063032.1,2675636,35,29,66,34.4,29.1,65.7
34686357,NC_063032.1,2675637,35,29,65,34.6,28.9,65.9
34686358,NC_063032.1,2675638,35,29,64,34.8,28.6,65.7
34686359,NC_063032.1,2675639,35,28,66,34.9,28.5,65.6
34686360,NC_063032.1,2675640,35,28,67,34.8,28.3,65.3
34686361,NC_063032.1,2675641,35,28,67,34.8,28.2,65.3
34686362,NC_063032.1,2675642,35,27,64,34.8,28.1,65.3
34686363,NC_063032.1,2675643,34,28,65,34.8,28.2,65.4
34686364,NC_063032.1,2675644,34,28,63,34.8,28.3,65.4
34686365,NC_063032.1,2675645,35,28,66,34.8,28.5,65.4
34686366,NC_063032.1,2675646,35,28,66,34.8,28.7,65.4
34686367,NC_063032.1,2675647,35,30,66,34.8,28.9,65.3
34686368,NC_063032.1,2675648,35,30,64,34.8,29.2,65.4
34686369,NC_063032.1,2675649,35,30,66,34.9,29.4,65.5
34686370,NC_063032.1,2675650,35,30,67,34.9,29.6,65.7
34686371,NC_063032.1,2675651,35,30,66,34.8,29.8,65.7
34686372,NC_063032.1,2675652,35,30,65,34.7,30.1,65.8
34686373,NC_063032.1,2675653,35,30,66,34.5,30.2,66.0
34686374,NC_063032.1,2675654,34,30,65,34.2,30.3,66.4
34686375,NC_063032.1,2675655,34,30,66,34.0,30.4,66.3
34686376,NC_063032.1,2675656,34,31,67,33.9,30.5,66.4
34686377,NC_063032.1,2675657,33,31,68,33.8,30.6,66.4
34686378,NC_063032.1,2675658,32,31,68,33.7,30.7,66.4
34686379,NC_063032.1,2675659,33,31,65,33.6,30.8,66.5
34686380,NC_063032.1,2675660,34,31,68,33.6,30.9,66.6
34686381,NC_063032.1,2675661,34,31,66,33.7,31.0,66.8
34686382,NC_063032.1,2675662,34,31,65,33.8,31.0,66.7
34686383,NC_063032.1,2675663,34,31,67,34.0,31.0,66.5
34686384,NC_063032.1,2675664,34,31,66,34.2,31.0,66.3
34686385,NC_063032.1,2675665,35,31,68,34.3,31.0,66.5
34686386,NC_063032.1,2675666,35,31,66,34.2,30.9,66.4
34686387,NC_063032.1,2675667,35,31,66,33.6,30.6,64.6
34686388,NC_063032.1,2675668,34,31,66,33.3,30.3,63.8
34686389,NC_063032.1,2675669,34,31,67,33.1,30.2,63.2
34686390,NC_063032.1,2675670,33,30,67,33.0,30.2,63.3
34686391,NC_063032.1,2675671,28,28,48,32.8,30.2,63.2
34686392,NC_063032.1,2675672,31,28,57,32.6,30.1,63.5
34686393,NC_063032.1,2675673,32,30,61,32.4,30.0,63.9
34686394,NC_063032.1,2675674,33,31,67,32.4,29.9,64.4
34686395,NC_063032.1,2675675,33,31,67,32.4,29.8,64.6
34686396,NC_063032.1,2675676,33,30,69,32.5,29.8,64.8
34686397,NC_063032.1,2675677,33,30,70,33.1,29.9,67.0
34686398,NC_063032.1,2675678,34,30,71,33.4,30.1,68.1
34686399,NC_063032.1,2675679,34,30,69,33.6,30.1,68.9
34686400,NC_063032.1,2675680,34,30,69,33.6,30.1,69.4
34686401,NC_063032.1,2675681,34,29,70,33.8,30.1,69.9
34686402,NC_063032.1,2675682,34,30,68,34.0,30.2,70.2
34686403,NC_063032.1,2675683,34,30,69,34.2,30.3,70.4
34686404,NC_063032.1,2675684,33,31,72,34.1,30.4,70.3
34686405,NC_063032.1,2675685,35,31,72,34.0,30.4,70.4
34686406,NC_063032.1,2675686,35,31,72,34.1,30.5,70.7
34686407,NC_063032.1,2675687,35,31,72,34.0,30.7,70.9
34686408,NC_063032.1,2675688,33,31,70,33.9,30.7,71.2
34686409,NC_063032.1,2675689,33,30,70,33.9,30.8,71.3
34686410,NC_063032.1,2675690,35,31,72,34.1,30.8,71.3
34686411,NC_063032.1,2675691,33,31,72,34.1,30.8,71.3
34686412,NC_063032.1,2675692,33,30,71,34.0,30.7,70.5
34686413,NC_063032.1,2675693,34,31,70,33.9,30.6,70.1
34686414,NC_063032.1,2675694,35,31,72,34.1,30.5,69.7
34686415,NC_063032.1,2675695,35,31,72,34.4,30.6,69.7
34686416,NC_063032.1,2675696,34,30,64,34.5,30.5,69.6
34686417,NC_063032.1,2675697,34,30,68,34.8,30.5,69.4
34686418,NC_063032.1,2675698,35,30,66,35.1,30.6,68.9
34686419,NC_063032.1,2675699,36,31,70,35.3,30.5,68.4
34686420,NC_063032.1,2675700,36,30,71,35.4,30.3,68.3
34686421,NC_063032.1,2675701,36,31,70,35.5,30.0,68.1
34686422,NC_063032.1,2675702,36,31,66,35.7,30.1,68.7
34686423,NC_063032.1,2675703,36,30,65,35.8,30.2,68.9
34686424,NC_063032.1,2675704,36,29,71,35.8,30.3,69.3
34686425,NC_063032.1,2675705,36,28,70,35.7,30.3,69.3
34686426,NC_063032.1,2675706,36,31,70,35.6,30.4,69.2
34686427,NC_063032.1,2675707,35,31,70,35.5,30.4,69.2
34686428,NC_063032.1,2675708,35,31,70,35.5,30.4,69.5
34686429,NC_063032.1,2675709,35,31,70,35.5,30.5,70.0
34686430,NC_063032.1,2675710,35,31,70,35.5,30.8,69.8
34686431,NC_063032.1,2675711,35,31,70,35.5,31.3,69.8
34686432,NC_063032.1,2675712,36,31,69,35.4,31.5,69.8
34686433,NC_063032.1,2675713,36,31,70,35.5,31.7,69.8
34686434,NC_063032.1,2675714,36,32,69,35.6,31.9,69.8
34686435,NC_063032.1,2675715,36,33,70,35.7,32.1,69.8
34686436,NC_063032.1,2675716,35,33,70,35.8,32.3,69.9
34686437,NC_063032.1,2675717,36,33,70,35.9,32.5,70.0
34686438,NC_063032.1,2675718,36,33,70,35.8,32.8,70.2
34686439,NC_063032.1,2675719,36,33,70,35.7,33.2,70.3
34686440,NC_063032.1,2675720,36,33,71,35.6,33.5,70.4
34686441,NC_063032.1,2675721,36,33,71,35.5,33.7,70.4
34686442,NC_063032.1,2675722,35,34,71,35.5,33.8,70.4
34686443,NC_063032.1,2675723,35,35,71,35.4,34.0,70.5
34686444,NC_063032.1,2675724,35,35,70,35.4,34.2,70.6
34686445,NC_063032.1,2675725,35,35,70,35.3,34.4,70.4
34686446,NC_063032.1,2675726,35,34,70,35.3,34.6,70.4
34686447,NC_063032.1,2675727,35,35,71,35.1,34.8,70.3
34686448,NC_063032.1,2675728,36,35,71,35.1,34.9,70.2
34686449,NC_063032.1,2675729,35,35,68,35.1,34.8,70.0
34686450,NC_063032.1,2675730,36,35,71,35.2,34.6,70.1
34686451,NC_063032.1,2675731,34,35,70,35.3,34.4,70.2
34686452,NC_063032.1,2675732,35,35,70,35.3,34.3,70.5
34686453,NC_063032.1,2675733,35,34,69,35.3,34.1,70.4
34686454,NC_063032.1,2675734,36,33,71,35.1,33.9,70.4
34686455,NC_063032.1,2675735,36,33,71,35.1,33.5,70.3
34686456,NC_063032.1,2675736,35,33,73,35.0,33.1,70.2
34686457,NC_063032.1,2675737,35,33,70,35.1,32.7,70.2
34686458,NC_063032.1,2675738,34,33,71,35.1,32.3,70.4
34686459,NC_063032.1,2675739,35,31,67,34.9,31.8,70.0
34686460,NC_063032.1,2675740,35,31,70,34.8,31.5,69.7
34686461,NC_063032.1,2675741,35,31,70,34.7,31.2,69.7
34686462,NC_063032.1,2675742,35,31,72,34.7,31.0,69.4
34686463,NC_063032.1,2675743,33,29,65,34.7,30.8,69.4
34686464,NC_063032.1,2675744,35,30,68,34.8,30.6,69.1
34686465,NC_063032.1,2675745,35,30,71,34.8,30.5,69.0
34686466,NC_063032.1,2675746,35,31,70,34.8,30.3,68.9
34686467,NC_063032.1,2675747,35,31,70,34.7,30.2,68.8
34686468,NC_063032.1,2675748,35,31,68,34.6,30.2,68.1
34686469,NC_063032.1,2675749,35,30,66,34.8,30.5,68.6
34686470,NC_063032.1,2675750,35,29,69,34.8,30.7,68.8
34686471,NC_063032.1,2675751,34,30,69,34.6,30.9,68.6
34686472,NC_063032.1,2675752,34,31,65,34.6,31.0,68.5
34686473,NC_063032.1,2675753,35,32,70,34.6,31.3,68.3
34686474,NC_063032.1,2675754,35,32,70,34.4,31.4,67.8
34686475,NC_063032.1,2675755,33,32,69,34.4,31.8,67.9
34686476,NC_063032.1,2675756,35,32,69,34.4,32.3,67.9
34686477,NC_063032.1,2675757,35,34,68,34.5,32.7,67.9
34686478,NC_063032.1,2675758,33,32,63,34.6,32.9,68.1
34686479,NC_063032.1,2675759,35,34,67,34.6,33.1,67.9
34686480,NC_063032.1,2675760,35,34,69,34.6,33.3,67.6
34686481,NC_063032.1,2675761,35,34,69,34.8,33.5,67.6
34686482,NC_063032.1,2675762,35,33,67,34.8,33.7,67.5
34686483,NC_063032.1,2675763,35,34,68,34.7,33.7,67.5
34686484,NC_063032.1,2675764,35,34,67,34.8,33.9,67.9
34686485,NC_063032.1,2675765,35,34,69,34.7,33.8,68.0
34686486,NC_063032.1,2675766,35,34,68,34.6,33.7,67.8
34686487,NC_063032.1,2675767,34,34,68,34.5,33.6,67.8
34686488,NC_063032.1,2675768,34,34,67,34.4,33.5,68.0
34686489,NC_063032.1,2675769,34,33,68,34.3,33.4,68.2
34686490,NC_063032.1,2675770,34,33,67,34.2,33.2,68.4
34686491,NC_063032.1,2675771,34,33,69,34.1,32.9,68.5
34686492,NC_063032.1,2675772,34,32,69,33.9,32.6,68.6
34686493,NC_063032.1,2675773,34,33,70,33.9,32.3,68.5
34686494,NC_063032.1,2675774,34,32,69,33.9,32.1,68.8
34686495,NC_063032.1,2675775,34,31,70,33.8,31.9,69.0
34686496,NC_063032.1,2675776,33,31,69,33.7,31.8,69.1
34686497,NC_063032.1,2675777,34,31,67,33.7,31.8,69.1
34686498,NC_063032.1,2675778,34,32,70,33.6,31.7,68.9
34686499,NC_063032.1,2675779,33,31,70,33.6,31.4,68.3
34686500,NC_063032.1,2675780,33,32,68,33.8,31.2,67.8
34686501,NC_063032.1,2675781,34,33,69,34.0,31.2,67.2
34686502,NC_063032.1,2675782,33,31,67,34.3,31.3,66.9
34686503,NC_063032.1,2675783,34,30,64,34.4,31.4,66.9
34686504,NC_063032.1,2675784,36,30,64,34.5,31.5,66.6
34686505,NC_063032.1,2675785,36,31,64,34.8,31.7,66.3
34686506,NC_063032.1,2675786,36,32,66,35.1,31.8,66.2
34686507,NC_063032.1,2675787,35,32,67,35.3,31.7,66.0
34686508,NC_063032.1,2675788,35,33,67,35.4,31.8,65.7
34686509,NC_063032.1,2675789,36,33,67,35.5,32.1,65.9
34686510,NC_063032.1,2675790,36,33,67,35.4,32.4,66.2
34686511,NC_063032.1,2675791,36,32,67,35.1,32.6,66.0
34686512,NC_063032.1,2675792,34,32,64,35.1,32.6,66.0
34686513,NC_063032.1,2675793,35,33,66,35.2,32.6,65.9
34686514,NC_063032.1,2675794,35,33,67,35.3,32.5,65.7
34686515,NC_063032.1,2675795,33,33,62,35.3,32.4,65.3
34686516,NC_063032.1,2675796,36,32,66,35.4,32.3,65.2
34686517,NC_063032.1,2675797,36,32,66,35.5,32.3,65.2
34686518,NC_063032.1,2675798,36,32,65,35.8,32.3,65.3
34686519,NC_063032.1,2675799,36,32,63,36.0,32.2,65.3
34686520,NC_063032.1,2675800,37,32,66,36.2,32.1,65.2
34686521,NC_063032.1,2675801,37,32,67,36.6,32.0,65.7
34686522,NC_063032.1,2675802,37,32,65,36.7,31.9,65.7
34686523,NC_063032.1,2675803,37,32,66,36.8,31.8,65.9
34686524,NC_063032.1,2675804,37,32,66,36.9,31.7,66.2
34686525,NC_063032.1,2675805,37,32,67,37.0,31.666666666666668,66.55555555555556
34686526,NC_063032.1,2675806,37,31,66,37.0,31.625,66.625
34686527,NC_063032.1,2675807,37,31,68,37.0,31.571428571428573,66.57142857142857
34686528,NC_063032.1,2675808,37,31,68,37.0,31.5,66.83333333333333
34686529,NC_063032.1,2675809,37,31,66,37.0,31.4,67.0
